"Serial"	"datetime"	"Chukking_Pressure"	"Air_Pressure"	"Flow_Rate"	"Voltage"
2511901	2022-03-11 10:00:00	27.6279	96.054	0.987895299	64.8
2512181	2022-03-11 10:01:00	28.358	95.827	0.9877474	60
2512393	2022-03-11 10:02:00	26.5816	95.751	0.988619774	64.4
2512415	2022-03-11 10:03:00	25.9043	96.472	0.988987764	49.3
2512473	2022-03-11 10:04:00	26.7689	96.477	0.988435742	66.4
2512659	2022-03-11 10:05:00	26.9905	96.986	0.988751484	58.7
2512679	2022-03-11 10:06:00	29.1151	96.701	0.986460987	67
2512837	2022-03-11 10:07:00	27.937	96.044	0.98787607	61.7
2513297	2022-03-11 10:08:00	26.9059	96.03	0.989401681	64
2513307	2022-03-11 10:09:00	27.0931	96.348	0.990018596	53
2513311	2022-03-11 10:10:00	27.2006	95.648	0.989328163	46.9
2513363	2022-03-11 10:11:00	26.843	95.632	0.990093608	65.8
2513365	2022-03-11 10:12:00	27.4979	95.788	0.989925153	67.8
2513371	2022-03-11 10:13:00	26.8452	95.568	0.989294954	68.7
2513451	2022-03-11 10:14:00	28.1895	95.79	0.989161732	66.5
2513523	2022-03-11 10:15:00	27.8675	95.396	0.989184118	58
2513881	2022-03-11 10:16:00	27.3275	95.755	0.988269753	67.1
2513933	2022-03-11 10:17:00	27.7621	96.095	0.989001562	60
2514135	2022-03-11 10:18:00	27.1968	96.109	0.988417883	54.8
2514215	2022-03-11 10:19:00	26.2898	96.814	0.988396724	63.3
2514405	2022-03-11 10:20:00	27.3436	96.395	0.988927419	63.6
2514413	2022-03-11 10:21:00	26.4468	97.03	0.988589795	62.4
2514505	2022-03-11 10:22:00	26.4864	96.2	0.988262824	67.2
2514767	2022-03-11 10:23:00	26.9651	96.016	0.987883368	71.1
2514823	2022-03-11 10:24:00	27.3542	95.931	0.988381537	62.2
2514847	2022-03-11 10:25:00	27.7675	96.12	0.988409174	59.4
2515041	2022-03-11 10:26:00	27.4682	96.859	0.987663624	70.8
2515199	2022-03-11 10:27:00	29.7389	96.655	0.988724258	56.3
2515215	2022-03-11 10:28:00	28.1264	97.045	0.988453086	70.3
2515303	2022-03-11 10:29:00	29.8921	96.638	0.987791556	55.9
2515365	2022-03-11 10:30:00	28.1843	96.233	0.987753763	60.2
2515495	2022-03-11 10:31:00	28.3729	95.413	0.988322419	51.4
2515697	2022-03-11 10:32:00	27.4079	95.942	0.98776764	64.9
2515787	2022-03-11 10:33:00	27.4049	95.544	0.988332692	70.4
2515981	2022-03-11 10:34:00	27.8854	95.437	0.988209765	66.5
2516187	2022-03-11 10:35:00	27.6514	97.393	0.988966817	63.9
2516231	2022-03-11 10:36:00	27.2196	96.128	0.988714763	65.8
2516253	2022-03-11 10:37:00	26.1818	97.8	0.987839825	63.4
2516277	2022-03-11 10:38:00	27.5854	95.838	0.988454948	62.6
2516333	2022-03-11 10:39:00	27.6009	97.275	0.987846917	48.4
2516365	2022-03-11 10:40:00	27.7724	95.9	0.988306537	63.6
2516377	2022-03-11 10:41:00	26.9542	96.17	0.988307279	62.5
2516483	2022-03-11 10:42:00	27.6684	95.975	0.988287795	65.1
2516489	2022-03-11 10:43:00	27.7931	95.979	0.988562719	69.2
2517061	2022-03-11 10:44:00	27.5241	95.545	0.98878405	65.5
2517111	2022-03-11 10:45:00	27.6703	96.413	0.989214502	64.2
2517113	2022-03-11 10:46:00	28.0978	95.361	0.989449511	66.4
2517165	2022-03-11 10:47:00	27.3202	96.507	0.988967332	56
2517183	2022-03-11 10:48:00	29.4245	96.561	0.987795326	66
2517187	2022-03-11 10:49:00	27.4182	95.167	0.988492746	68.7
2517267	2022-03-11 10:50:00	27.3596	95.59	0.988626861	61.9
2517391	2022-03-11 10:51:00	27.5943	95.867	0.989436407	64.7
2517431	2022-03-11 10:52:00	28.1373	97.155	0.988823497	65.4
2517457	2022-03-11 10:53:00	26.0536	95.896	0.988052322	49.6
2517713	2022-03-11 10:54:00	27.6898	95.433	0.988225636	56.8
2517863	2022-03-11 10:55:00	26.2661	95.979	0.987883487	56.1
2517889	2022-03-11 10:56:00	26.7148	96.793	0.988130879	41.4
2517953	2022-03-11 10:57:00	25.9592	97.095	0.988431051	57.4
2518071	2022-03-11 10:58:00	27.4766	96.074	0.988154054	68.4
2518145	2022-03-11 10:59:00	27.6228	97.127	0.988455677	58.9
2518191	2022-03-11 11:00:00	27.2991	96.017	0.987776592	63.2
2518231	2022-03-11 11:01:00	27.2311	95.962	0.988742335	66.6
2518249	2022-03-11 11:02:00	25.1751	96.294	0.988063785	61.9
2518255	2022-03-11 11:03:00	26.9625	96.088	0.987388309	67
2518279	2022-03-11 11:04:00	28.7148	96.317	0.98816018	57.7
2518297	2022-03-11 11:05:00	26.8399	95.449	0.988957262	55.9
2518363	2022-03-11 11:06:00	26.2096	95.623	0.988488234	70.8
2518421	2022-03-11 11:07:00	27.2196	96.963	0.988591065	67.8
2518653	2022-03-11 11:08:00	27.0683	95.961	0.988124028	72.3
2518667	2022-03-11 11:09:00	26.6286	95.939	0.988045448	55
2518853	2022-03-11 11:10:00	27.4732	95.935	0.988130058	63.7
2518919	2022-03-11 11:11:00	27.6535	95.916	0.988126664	64.9
2518927	2022-03-11 11:12:00	27.0579	96.29	0.988125982	54.2
2519059	2022-03-11 11:13:00	27.1148	95.919	0.987731406	57.3
2519095	2022-03-11 11:14:00	27.2075	95.858	0.988074893	54.3
2519179	2022-03-11 11:15:00	26.981	95.319	0.987618501	65.7
2519697	2022-03-11 11:16:00	27.6064	95.731	0.988376223	57.9
2519747	2022-03-11 11:17:00	26.746	95.394	0.988485139	54.9
2519755	2022-03-11 11:18:00	28.0272	95.343	0.988171137	61.8
2519783	2022-03-11 11:19:00	26.6889	95.736	0.98831037	62.4
2519789	2022-03-11 11:20:00	27.608	96.686	0.988482101	67.6
2519893	2022-03-11 11:21:00	26.2289	96.488	0.988222561	61.6
2519937	2022-03-11 11:22:00	27.1144	95.389	0.987374737	59.4
2519939	2022-03-11 11:23:00	27.0215	95.31	0.987625612	57.3
2519963	2022-03-11 11:24:00	26.7234	96.125	0.988332395	59.8
2520409	2022-03-11 11:25:00	27.643	95.225	0.989894792	69
2520505	2022-03-11 11:26:00	26.3402	95.043	0.989250504	61.7
2520661	2022-03-11 11:27:00	28.5643	96.427	0.989277596	49.5
2520743	2022-03-11 11:28:00	27.0245	96.63	0.989381436	57.4
2520801	2022-03-11 11:29:00	28.5421	95.511	0.989292286	55.4
2520853	2022-03-11 11:30:00	28.2334	96.979	0.989895698	50.3
2520987	2022-03-11 11:31:00	27.3156	96.509	0.988989128	56.4
2520999	2022-03-11 11:32:00	26.9114	96.62	0.988823221	67.6
2521533	2022-03-11 11:33:00	26.7059	96.206	0.98874852	61.2
2521623	2022-03-11 11:34:00	27.2463	95.992	0.988264119	65.5
2521735	2022-03-11 11:35:00	28.3598	96.633	0.988273372	71
2521771	2022-03-11 11:36:00	27.6111	95.265	0.988141829	54.6
2522183	2022-03-11 11:37:00	27.4835	95.944	0.989738696	53.2
2522247	2022-03-11 11:38:00	27.5548	95.011	0.989074841	62.3
2522279	2022-03-11 11:39:00	28.3024	95.422	0.98932843	55.5
2522431	2022-03-11 11:40:00	27.1111	95.669	0.98903915	56.3
2522637	2022-03-11 11:41:00	26.7321	95.395	0.98842468	60.3
2522727	2022-03-11 11:42:00	27.4825	96.431	0.988840554	63.1
2523079	2022-03-11 11:43:00	27.1349	95.892	0.98832059	64.9
2523215	2022-03-11 11:44:00	26.6709	95.873	0.987921056	67.1
2523457	2022-03-11 11:45:00	27.235	95.16	0.989788476	54.8
2523493	2022-03-11 11:46:00	27.5006	95.596	0.988851207	62
2523519	2022-03-11 11:47:00	27.5796	95.158	0.98946682	64.4
2523641	2022-03-11 11:48:00	28.1519	95.7	0.989034329	59.1
2523723	2022-03-11 11:49:00	27.1661	96.417	0.989428102	64
2523729	2022-03-11 11:50:00	28.2599	97.008	0.989493438	67.1
2523869	2022-03-11 11:51:00	27.5476	96.06	0.990093333	53.7
2523923	2022-03-11 11:52:00	28.2534	96.597	0.988993688	66.2
2524177	2022-03-11 11:53:00	26.8087	95.757	0.98846971	59
2524215	2022-03-11 11:54:00	27.8013	95.977	0.988821254	70.6
2524433	2022-03-11 11:55:00	26.5029	95.961	0.988164516	64.4
2524719	2022-03-11 11:56:00	26.77	95.996	0.989360605	59.7
2525457	2022-03-11 11:57:00	26.3531	95.479	0.989636201	59.3
2525713	2022-03-11 11:58:00	25.9	96.329	0.989145974	59.2
2525727	2022-03-11 11:59:00	27.4637	95.851	0.989465661	53.3
2525771	2022-03-11 12:00:00	27.7158	96.271	0.989644592	67.5
2525931	2022-03-11 12:01:00	27.1748	95.83	0.987869961	57.4
2526273	2022-03-11 12:02:00	28.9433	95.907	0.987949229	53.3
2526383	2022-03-11 12:03:00	26.5353	96.015	0.987991644	73.7
2526643	2022-03-11 12:04:00	27.4366	96.426	0.988290948	58.9
2527047	2022-03-11 12:05:00	28.22	96.311	0.988007834	71.6
2527221	2022-03-11 12:06:00	28.4294	96.158	0.98759658	69.6
2527649	2022-03-11 12:07:00	27.7063	96.151	0.988034076	60
2527723	2022-03-11 12:08:00	27.7102	96.023	0.988312487	69.4
2528189	2022-03-11 12:09:00	27.5788	96.208	0.988142645	54.3
2528323	2022-03-11 12:10:00	27.3874	96.655	0.987919432	66.2
2528395	2022-03-11 12:11:00	26.7315	96.304	0.988169733	63.6
2528523	2022-03-11 12:12:00	27.628	96.987	0.988536404	72.6
2528845	2022-03-11 12:13:00	28.6192	96.147	0.98897994	71.5
2529057	2022-03-11 12:14:00	27.4262	93.701	0.988682144	59.6
2529073	2022-03-11 12:15:00	28.0562	94.084	0.990263212	65
2529117	2022-03-11 12:16:00	27.2565	94.868	0.989606954	60.9
2529157	2022-03-11 12:17:00	27.6763	94.153	0.989999774	66.3
2529203	2022-03-11 12:18:00	26.7546	94.989	0.989195783	67.4
2529229	2022-03-11 12:19:00	27.6523	94.771	0.990256777	57.7
2529243	2022-03-11 12:20:00	28.2216	96.25	0.990178304	63.9
2529257	2022-03-11 12:21:00	28.1429	94.461	0.989945943	64.7
2529621	2022-03-11 12:22:00	27.7403	96.429	0.9881899	62.4
2529689	2022-03-11 12:23:00	26.8691	95.444	0.98810552	67
2530189	2022-03-11 12:24:00	27.4708	96.004	0.988353557	66
2530331	2022-03-11 12:25:00	27.3086	96.155	0.986857043	60.9
2530625	2022-03-11 12:26:00	27.4808	96.922	0.987074982	69.8
2531407	2022-03-11 12:27:00	27.7766	96.82	0.988278309	72.3
2531495	2022-03-11 12:28:00	27.3308	96.19	0.986822873	59.5
2531539	2022-03-11 12:29:00	28.4868	96.395	0.987326029	68.5
2531557	2022-03-11 12:30:00	26.8986	95.697	0.987952088	62.2
2532023	2022-03-11 12:31:00	25.7753	95.892	0.988097506	71.5
2532361	2022-03-11 12:32:00	27.9573	96.107	0.988271738	69.6
2532517	2022-03-11 12:33:00	28.0165	96.433	0.988933239	60.2
2532635	2022-03-11 12:34:00	28.591	95.904	0.988061575	63.5
2532983	2022-03-11 12:35:00	27.0242	96.009	0.990252444	69.1
2533235	2022-03-11 12:36:00	28.3226	96.589	0.989783498	67.4
2533429	2022-03-11 12:37:00	28.6615	96.07	0.989003893	72.4
2533489	2022-03-11 12:38:00	27.0342	96.029	0.98910735	60.6
2533563	2022-03-11 12:39:00	27.853	95.53	0.988868431	64.8
2533571	2022-03-11 12:40:00	28.6309	95.475	0.988600304	66.9
2533607	2022-03-11 12:41:00	27.2159	96.334	0.988807822	53.4
2534145	2022-03-11 12:42:00	27.3976	96.826	0.988970455	73.3
2534795	2022-03-11 12:43:00	28.1249	96.763	0.988130785	56.7
2535151	2022-03-11 12:44:00	27.9077	96.171	0.987444482	69.1
2535267	2022-03-11 12:45:00	27.7994	96.091	0.987325567	61
2535763	2022-03-11 12:46:00	28.0101	96.192	0.988031548	58.8
2536221	2022-03-11 12:47:00	27.8543	96.597	0.988426732	67.4
2536289	2022-03-11 12:48:00	27.4357	96.766	0.988247639	71.6
2536405	2022-03-11 12:49:00	27.3145	92.554	0.99036232	71
2536441	2022-03-11 12:50:00	24.7352	94.275	0.989209661	54.9
2536531	2022-03-11 12:51:00	27.7263	93.791	0.989897377	61.1
2536563	2022-03-11 12:52:00	26.2461	95.976	0.989879826	58.4
2536781	2022-03-11 12:53:00	26.1606	95.751	0.988838806	64
2536799	2022-03-11 12:54:00	27.6447	95.567	0.989287943	71.4
2536865	2022-03-11 12:55:00	28.8746	96	0.989572577	68.2
2536891	2022-03-11 12:56:00	27.7719	96.568	0.989017202	70.4
2537073	2022-03-11 12:57:00	27.6226	97.095	0.988914052	60
2537231	2022-03-11 12:58:00	27.8251	97.372	0.988333837	67.7
2537341	2022-03-11 12:59:00	27.3452	96.576	0.988128708	70.5
2537387	2022-03-11 13:00:00	27.7219	96.05	0.988127437	68.9
2537465	2022-03-11 13:01:00	27.4772	95.645	0.988579369	70.3
2537615	2022-03-11 13:02:00	27.5038	96.24	0.988741571	70.6
2537623	2022-03-11 13:03:00	28.2424	96.148	0.988426815	71.7
2537643	2022-03-11 13:04:00	28.3906	96.165	0.987786911	60.6
2537725	2022-03-11 13:05:00	26.0878	96.925	0.987763107	65.4
2537843	2022-03-11 13:06:00	26.2773	96.086	0.988180667	66.8
2538133	2022-03-11 13:07:00	28.5605	96.181	0.988122875	60
2538509	2022-03-11 13:08:00	26.7878	96.807	0.988216972	55.3
2538893	2022-03-11 13:09:00	26.9765	96.267	0.988216482	63.8
2538899	2022-03-11 13:10:00	28.2566	96.137	0.988624295	71.6
2538907	2022-03-11 13:11:00	27.0241	95.905	0.988813808	62.1
2539029	2022-03-11 13:12:00	27.9126	96.117	0.987911534	74.9
2539419	2022-03-11 13:13:00	28.3543	96.324	0.987826441	75.7
2539689	2022-03-11 13:14:00	27.0672	96.325	0.987978251	73.4
2540221	2022-03-11 13:15:00	27.5828	94.205	0.989645851	61.1
2540291	2022-03-11 13:16:00	27.0828	94.687	0.989945795	67.2
2540311	2022-03-11 13:17:00	28.2929	94.779	0.990147947	64.1
2540317	2022-03-11 13:18:00	28.2842	95.193	0.990194752	62
2540319	2022-03-11 13:19:00	26.221	95.418	0.990099677	59.2
2540595	2022-03-11 13:20:00	28.1774	96.786	0.989458493	39.1
2540755	2022-03-11 13:21:00	28.2935	96.642	0.989380423	66
2541229	2022-03-11 13:22:00	27.8382	95.966	0.988721732	70.9
2541325	2022-03-11 13:23:00	29.2553	97.22	0.988587173	67
2541445	2022-03-11 13:24:00	27.1753	96.446	0.987835803	67.6
2541933	2022-03-11 13:25:00	27.9508	97.5	0.988459679	71.7
2542035	2022-03-11 13:26:00	26.9844	96.318	0.988269289	65.5
2542253	2022-03-11 13:27:00	27.7113	97.46	0.988131205	71.6
2542447	2022-03-11 13:28:00	28.5709	97.272	0.987936108	69.1
2542449	2022-03-11 13:29:00	27.5222	96.792	0.987600315	62.7
2542499	2022-03-11 13:30:00	28.1483	96.314	0.988252015	72.3
2542571	2022-03-11 13:31:00	27.0394	96.625	0.988132854	71.2
2542575	2022-03-11 13:32:00	27.7398	96.953	0.989050119	70.1
2542689	2022-03-11 13:33:00	28.3182	96.883	0.989090705	54.5
2542775	2022-03-11 13:34:00	27.716	96.168	0.988822701	66.5
2542811	2022-03-11 13:35:00	27.7957	96.337	0.988429623	69
2542965	2022-03-11 13:36:00	28.0788	96.587	0.988209211	68.4
2543417	2022-03-11 13:37:00	27.5948	96.056	0.988601773	60.6
2543653	2022-03-11 13:38:00	26.2552	94.479	0.990098588	57.5
2543675	2022-03-11 13:39:00	27.1325	94.621	0.989537641	55.8
2543699	2022-03-11 13:40:00	26.74	94.626	0.990167355	54.8
2543721	2022-03-11 13:41:00	26.243	94.624	0.990765948	53.5
2543773	2022-03-11 13:42:00	26.7801	95.167	0.98998565	65.4
2543799	2022-03-11 13:43:00	26.5252	95.919	0.99045958	65.4
2544033	2022-03-11 13:44:00	28.0049	95.035	0.989874668	68.5
2544061	2022-03-11 13:45:00	27.0462	95.024	0.990250637	64.9
2544099	2022-03-11 13:46:00	26.6705	96.272	0.990461592	63.2
2544239	2022-03-11 13:47:00	26.0436	95.552	0.990094256	64.4
2544403	2022-03-11 13:48:00	27.4521	95.763	0.989882118	57
2544509	2022-03-11 13:49:00	26.6971	96.492	0.988845053	57.8
2544529	2022-03-11 13:50:00	25.9181	95.95	0.989807004	60.8
2544701	2022-03-11 13:51:00	27.4181	97.006	0.989328275	63.2
2544927	2022-03-11 13:52:00	26.1873	96.723	0.988971346	48.3
2544929	2022-03-11 13:53:00	28.0852	96.432	0.989540659	62.5
2545135	2022-03-11 13:54:00	25.9239	95.899	0.989982053	57.5
2545149	2022-03-11 13:55:00	26.1591	96.249	0.988441075	55.4
2545179	2022-03-11 13:56:00	28.0268	96.344	0.989380435	60.2
2545201	2022-03-11 13:57:00	26.7208	96.381	0.988465894	58.8
2545257	2022-03-11 13:58:00	26.0822	96.241	0.988836447	58
2545301	2022-03-11 13:59:00	26.7398	96.952	0.989434272	67
2545437	2022-03-11 14:00:00	26.4775	96.223	0.989080283	52.1
2545643	2022-03-11 14:01:00	25.5304	97.02	0.988983835	60.4
2545657	2022-03-11 14:02:00	27.9778	95.845	0.989486999	65.8
2545749	2022-03-11 14:03:00	26.1351	96.591	0.989239447	63.6
2545827	2022-03-11 14:04:00	26.6286	95.594	0.988562628	65.3
2545857	2022-03-11 14:05:00	27.061	96.552	0.989534599	57.3
2545993	2022-03-11 14:06:00	25.6331	96.67	0.989441905	58.9
2546031	2022-03-11 14:07:00	26.3308	96.862	0.989786475	65.2
2546103	2022-03-11 14:08:00	26.3832	96.837	0.989585407	70.8
2546253	2022-03-11 14:09:00	26.205	96.264	0.989082429	63.2
2546293	2022-03-11 14:10:00	27.2868	96.133	0.988950024	54.1
2546315	2022-03-11 14:11:00	26.5822	96.12	0.989119963	58.3
2546439	2022-03-11 14:12:00	26.5474	96.192	0.989525964	64.7
2546443	2022-03-11 14:13:00	25.6102	95.944	0.989707588	59
2546463	2022-03-11 14:14:00	27.2835	96.884	0.98927517	44.6
2546513	2022-03-11 14:15:00	27.0546	95.498	0.9892294	68.7
2546523	2022-03-11 14:16:00	26.7228	97.178	0.989306055	59.5
2547503	2022-03-11 14:17:00	28.4005	97.403	0.989335457	59.9
2547507	2022-03-11 14:18:00	27.2597	96.259	0.989712508	61.3
2547525	2022-03-11 14:19:00	26.3964	95.943	0.988678244	64.4
2547583	2022-03-11 14:20:00	27.6141	96.561	0.989420213	52.9
2547609	2022-03-11 14:21:00	27.4178	96.513	0.989240352	58.5
2547697	2022-03-11 14:22:00	27.169	96.081	0.989788603	61.6
2547773	2022-03-11 14:23:00	26.1831	96.019	0.989469966	63.2
2547859	2022-03-11 14:24:00	27.2973	96.381	0.988762461	59
2548199	2022-03-11 14:25:00	26.0849	96.282	0.987563288	59.1
2548231	2022-03-11 14:26:00	26.5557	96.56	0.989230216	62.8
2548463	2022-03-11 14:27:00	28.912	96.113	0.990035118	53.6
2548489	2022-03-11 14:28:00	27.1034	95.785	0.989675101	57.9
2548623	2022-03-11 14:29:00	25.8177	95.707	0.989417055	54.1
2548663	2022-03-11 14:30:00	26.0565	95.562	0.990419229	55.6
2548715	2022-03-11 14:31:00	25.4841	96.047	0.989249751	61.1
2548785	2022-03-11 14:32:00	27.562	95.665	0.990405207	60.4
2548973	2022-03-11 14:33:00	26.0278	96.689	0.989735799	63.9
2549023	2022-03-11 14:34:00	27.2054	96.136	0.989354802	55.5
2549045	2022-03-11 14:35:00	27.4152	96.045	0.989137557	59.1
2549085	2022-03-11 14:36:00	25.8981	96.266	0.989198757	54.5
2549115	2022-03-11 14:37:00	25.955	96.592	0.989662398	66.3
2549201	2022-03-11 14:38:00	26.1079	96.475	0.989549771	70.2
2549227	2022-03-11 14:39:00	26.6111	95.948	0.989225175	48
2549351	2022-03-11 14:40:00	28.2383	96.192	0.989815101	59.7
2549371	2022-03-11 14:41:00	26.4942	95.956	0.989219887	61.7
2549405	2022-03-11 14:42:00	28.4933	96.507	0.989511916	55.3
2549493	2022-03-11 14:43:00	26.9831	95.374	0.989181066	59.9
2549771	2022-03-11 14:44:00	27.2236	96.123	0.98946407	58.9
2549773	2022-03-11 14:45:00	26.7938	95.64	0.98969939	54.4
2550629	2022-03-11 14:46:00	28.0353	95.577	0.988716845	64.9
2550657	2022-03-11 14:47:00	28.1807	96.002	0.98836347	67.7
2550675	2022-03-11 14:48:00	26.5711	97.024	0.989142906	54.6
2550799	2022-03-11 14:49:00	28.469	96.518	0.989588554	56
2550857	2022-03-11 14:50:00	28.5827	96.127	0.988475202	62.4
2550941	2022-03-11 14:51:00	27.518	97.074	0.988234798	47.1
2550943	2022-03-11 14:52:00	27.6529	96.704	0.988417681	66.3
2550969	2022-03-11 14:53:00	28.2035	95.745	0.989029593	70.7
2551145	2022-03-11 14:54:00	26.6509	96.786	0.988795939	61.7
2551195	2022-03-11 14:55:00	27.3601	96.217	0.988926923	53.7
2551213	2022-03-11 14:56:00	27.5186	96.179	0.988926916	66.4
2551217	2022-03-11 14:57:00	27.7301	96.483	0.987818979	68.8
2551287	2022-03-11 14:58:00	26.7183	96.271	0.98831373	68.6
2551297	2022-03-11 14:59:00	28.3166	96.495	0.988054715	62.3
2551431	2022-03-11 15:00:00	27.9119	97.596	0.988496156	65.1
2551453	2022-03-11 15:01:00	27.1739	96.634	0.988476876	61.3
2551523	2022-03-11 15:02:00	26.7954	96.77	0.988682263	65.5
2551723	2022-03-11 15:03:00	28.068	96.612	0.989904641	56.8
2551737	2022-03-11 15:04:00	27.4799	96.731	0.988934491	55.3
2551927	2022-03-11 15:05:00	28.4973	96.053	0.988970063	69.2
2551929	2022-03-11 15:06:00	27.2376	97.447	0.98887512	66.1
2552053	2022-03-11 15:07:00	29.4821	95.544	0.989240562	64
2552067	2022-03-11 15:08:00	26.3037	96.608	0.988687964	58.8
2552139	2022-03-11 15:09:00	27.2861	96.308	0.989145781	56.2
2552159	2022-03-11 15:10:00	27.0307	96.654	0.990042476	60.9
2552221	2022-03-11 15:11:00	25.5798	95.769	0.989519203	57.8
2552271	2022-03-11 15:12:00	27.2231	96.865	0.989921012	61.8
2552297	2022-03-11 15:13:00	26.4336	96.008	0.988943809	60.4
2552315	2022-03-11 15:14:00	27.5205	96.607	0.989123793	59.5
2552317	2022-03-11 15:15:00	26.3552	96.577	0.989300398	62.3
2552413	2022-03-11 15:16:00	28.1311	96.434	0.989539885	62
2552563	2022-03-11 15:17:00	25.6999	96.362	0.988569106	63.9
2552611	2022-03-11 15:18:00	27.2741	94.976	0.988970033	64.7
2552623	2022-03-11 15:19:00	27.01	96.247	0.9897063	56.3
2552633	2022-03-11 15:20:00	26.3505	95.535	0.989903645	53.8
2552655	2022-03-11 15:21:00	26.3161	96.591	0.989951921	61.1
2552791	2022-03-11 15:22:00	26.3831	95.887	0.989421854	51.3
2552867	2022-03-11 15:23:00	26.1025	96.053	0.988776318	64.5
2552883	2022-03-11 15:24:00	25.3539	96.349	0.98926076	56.7
2553073	2022-03-11 15:25:00	26.1706	96.429	0.989382921	66.3
2553111	2022-03-11 15:26:00	26.1893	95.173	0.989600403	67.6
2553221	2022-03-11 15:27:00	26.1526	95.963	0.989313012	55.4
2553371	2022-03-11 15:28:00	26.4293	95.919	0.9898584	56.7
2553815	2022-03-11 15:29:00	27.258	94.88	0.989514122	58.2
2553897	2022-03-11 15:30:00	26.6139	95.109	0.990013615	48.2
2553931	2022-03-11 15:31:00	27.3031	95.266	0.990161576	58.6
2554021	2022-03-11 15:32:00	26.97	95.968	0.989646539	57.9
2554175	2022-03-11 15:33:00	26.9465	96.559	0.988795656	61.4
2554179	2022-03-11 15:34:00	26.2591	95.437	0.989860216	56.6
2554199	2022-03-11 15:35:00	26.0428	96.086	0.989365291	63.6
2554205	2022-03-11 15:36:00	27.3937	95.566	0.989682579	50.3
2554209	2022-03-11 15:37:00	25.0167	95.871	0.98852041	44.6
2554247	2022-03-11 15:38:00	26.6486	95.94	0.988817146	63.6
2554335	2022-03-11 15:39:00	27.8369	95.991	0.988949805	58.2
2554379	2022-03-11 15:40:00	28.1057	95.715	0.9898857	62.8
2554463	2022-03-11 15:41:00	27.2752	96.042	0.988363274	69.6
2554493	2022-03-11 15:42:00	26.7625	96.43	0.989235771	62.9
2554531	2022-03-11 15:43:00	26.5621	95.995	0.989343183	55.2
2554657	2022-03-11 15:44:00	28.1166	96.118	0.988722345	69.3
2554767	2022-03-11 15:45:00	30.5369	96.998	0.98817407	63.9
2554783	2022-03-11 15:46:00	27.8809	96.011	0.988660775	63.6
2554923	2022-03-11 15:47:00	28.0951	96.094	0.988710089	46.2
2555123	2022-03-11 15:48:00	26.6543	96.234	0.988652979	70.9
2555127	2022-03-11 15:49:00	26.7728	96.209	0.98700029	62.7
2555219	2022-03-11 15:50:00	28.1156	96.969	0.988118956	50.2
2555263	2022-03-11 15:51:00	28.1988	96.187	0.988695023	67.8
2555303	2022-03-11 15:52:00	26.4118	96.099	0.98920498	63.7
2555401	2022-03-11 15:53:00	28.045	97.377	0.988286956	62.5
2555541	2022-03-11 15:54:00	27.0701	96.185	0.989571844	66.3
2555561	2022-03-11 15:55:00	27.2376	96.067	0.988551593	61.1
2555579	2022-03-11 15:56:00	27.9616	96.289	0.987770753	59.8
2555639	2022-03-11 15:57:00	26.9687	95.618	0.988507458	53.3
2555671	2022-03-11 15:58:00	26.4495	97.046	0.988918693	62.5
2555719	2022-03-11 15:59:00	26.1534	97.154	0.988569871	63.7
2555743	2022-03-11 16:00:00	27.0679	95.736	0.988868909	67.4
2555757	2022-03-11 16:01:00	26.676	96.054	0.988620178	48.1
2555759	2022-03-11 16:02:00	25.9964	96.016	0.989322779	61.7
2555787	2022-03-11 16:03:00	27.1202	96.473	0.989125032	62.5
2555821	2022-03-11 16:04:00	27.4027	96.161	0.98842198	64.4
2555909	2022-03-11 16:05:00	28.2564	97.269	0.989210427	57.9
2555959	2022-03-11 16:06:00	26.1776	96.791	0.989056646	70
2556063	2022-03-11 16:07:00	27.3311	95.575	0.988467599	58.6
2556101	2022-03-11 16:08:00	27.3347	96.709	0.988719008	51.3
2556115	2022-03-11 16:09:00	26.569	96.161	0.987968945	55.2
2556163	2022-03-11 16:10:00	27.3167	96.487	0.98916158	65.4
2556323	2022-03-11 16:11:00	27.8146	95.955	0.988932564	56.6
2556341	2022-03-11 16:12:00	27.2767	96.715	0.988935879	61.4
2556355	2022-03-11 16:13:00	26.2156	96.113	0.988990984	59.5
2556407	2022-03-11 16:14:00	25.7912	96.002	0.989240872	57.1
2556491	2022-03-11 16:15:00	29.7198	96.194	0.98853492	49.4
2556579	2022-03-11 16:16:00	26.2911	95.941	0.989528145	58.2
2556699	2022-03-11 16:17:00	26.3941	95.86	0.988856042	60.2
2556719	2022-03-11 16:18:00	25.9347	97.105	0.988672445	63.9
2556729	2022-03-11 16:19:00	27.2179	96.778	0.989797663	57
2556965	2022-03-11 16:20:00	27.3114	96.552	0.989004883	52.7
2557011	2022-03-11 16:21:00	28.1125	96.075	0.988628175	62
2557203	2022-03-11 16:22:00	27.9827	95.814	0.988691218	65
2557353	2022-03-11 16:23:00	26.0134	96.253	0.988922206	70.1
2557359	2022-03-11 16:24:00	27.7528	96.445	0.989773564	61.8
2558594	2022-03-11 16:25:00	28.0479	95.691	0.989449068	56.2
2558726	2022-03-11 16:26:00	27.4302	95.471	0.989278276	61.1
2558804	2022-03-11 16:27:00	27.3636	96.516	0.989223669	60
2558850	2022-03-11 16:28:00	27.0991	95.641	0.989157329	61
2559006	2022-03-11 16:29:00	31.1811	95.886	0.987689552	61.4
2559058	2022-03-11 16:30:00	26.6719	96.218	0.988742941	65.5
2559232	2022-03-11 16:31:00	26.7818	96.193	0.989534789	60.9
2559298	2022-03-11 16:32:00	27.4171	96.008	0.989452169	61.6
2559312	2022-03-11 16:33:00	29.1474	96.029	0.987495402	64.4
2559330	2022-03-11 16:34:00	26.2483	96.085	0.988455732	62.3
2559520	2022-03-11 16:35:00	28.0634	96.065	0.98867101	62.1
2559526	2022-03-11 16:36:00	27.0533	96.613	0.988370318	61.9
2559594	2022-03-11 16:37:00	26.234	95.968	0.989203663	66.5
2559612	2022-03-11 16:38:00	27.839	96.245	0.988831291	66.7
2559910	2022-03-11 16:39:00	27.7314	96.705	0.988382087	62.2
2559936	2022-03-11 16:40:00	26.8107	95.583	0.987439926	57.2
2559974	2022-03-11 16:41:00	26.5086	97.014	0.989243355	62.1
2560068	2022-03-11 16:42:00	27.2187	96.227	0.989268417	58.7
2560176	2022-03-11 16:43:00	28.7147	96.531	0.987536508	62.1
2560196	2022-03-11 16:44:00	26.971	97.116	0.989167229	64.8
2560202	2022-03-11 16:45:00	26.2691	97.019	0.988307644	70.2
2560264	2022-03-11 16:46:00	28.7679	96.486	0.988547658	59.5
2560836	2022-03-11 16:47:00	26.1632	96.518	0.988954366	52.8
2560854	2022-03-11 16:48:00	26.2099	96.005	0.988258196	61.2
2561056	2022-03-11 16:49:00	27.5737	96.628	0.988388515	57.9
2561060	2022-03-11 16:50:00	26.5047	95.344	0.989306457	60.4
2561148	2022-03-11 16:51:00	27.9947	96.226	0.989652069	55.6
2561304	2022-03-11 16:52:00	26.5537	95.35	0.988760986	52
2561346	2022-03-11 16:53:00	26.0815	95.958	0.988940721	64.1
2561404	2022-03-11 16:54:00	26.8675	96.278	0.989158882	66.7
2561458	2022-03-11 16:55:00	26.3875	95.713	0.989562504	46.1
2561490	2022-03-11 16:56:00	26.8536	95.549	0.989646365	62.6
2561658	2022-03-11 16:57:00	26.6348	95.726	0.989094315	65.6
2561690	2022-03-11 16:58:00	27.4115	95.95	0.988711341	59.1
2561738	2022-03-11 16:59:00	26.9253	95.505	0.988721781	62
2561788	2022-03-11 17:00:00	28.8499	95.826	0.988812177	60.7
2561798	2022-03-11 17:01:00	26.9522	95.91	0.989083868	51.2
2561850	2022-03-11 17:02:00	26.1843	95.905	0.988504023	61.4
2561918	2022-03-11 17:03:00	26.4565	95.867	0.98886204	62.7
2561970	2022-03-11 17:04:00	28.7352	95.96	0.989369006	61.9
2562370	2022-03-11 17:05:00	29.5605	95.266	0.989762425	61
2562416	2022-03-11 17:06:00	26.9458	95.79	0.989909628	50.9
2562648	2022-03-11 17:07:00	27.3357	95.704	0.989190806	46.2
2562882	2022-03-11 17:08:00	26.7781	95.904	0.988913744	51.3
2562886	2022-03-11 17:09:00	26.5119	96.202	0.989336792	58.1
2563182	2022-03-11 17:10:00	26.5046	95.939	0.988413765	54.2
2563226	2022-03-11 17:11:00	26.3645	96.053	0.989091006	64.5
2563290	2022-03-11 17:12:00	27.2452	96.144	0.989384799	61.8
2563292	2022-03-11 17:13:00	26.7098	95.536	0.988576158	60.7
2563310	2022-03-11 17:14:00	27.0281	95.733	0.988357022	58
2563410	2022-03-11 17:15:00	25.7425	96.103	0.989005775	59.6
2563432	2022-03-11 17:16:00	27.5054	95.991	0.987869227	48.3
2563522	2022-03-11 17:17:00	28.0584	96.691	0.988385036	65
2563566	2022-03-11 17:18:00	29.4764	95.493	0.987987953	66.6
2563694	2022-03-11 17:19:00	25.5078	96.108	0.988837209	56.4
2563704	2022-03-11 17:20:00	27.5054	96.254	0.988940744	61.5
2563802	2022-03-11 17:21:00	27.4441	96.11	0.989069217	57.5
2563804	2022-03-11 17:22:00	27.1819	96.518	0.98829239	63.8
2563832	2022-03-11 17:23:00	25.5936	96.805	0.988809704	57.4
2563874	2022-03-11 17:24:00	28.0799	96.011	0.988830703	55.3
2563896	2022-03-11 17:25:00	26.2336	96.9	0.98842726	63.2
2563926	2022-03-11 17:26:00	27.353	95.619	0.988868943	64.3
2563946	2022-03-11 17:27:00	26.449	97.154	0.98893357	56.5
2563954	2022-03-11 17:28:00	26.3758	95.935	0.988271379	63.9
2563960	2022-03-11 17:29:00	26.4096	97.655	0.988290124	55.6
2563968	2022-03-11 17:30:00	28.3937	97.596	0.988315624	53.4
2564108	2022-03-11 17:31:00	26.497	96.065	0.988357041	57.5
2564124	2022-03-11 17:32:00	27.2569	96.187	0.988712247	58.5
2564312	2022-03-11 17:33:00	28.8267	96.053	0.988078027	64.3
2564608	2022-03-11 17:34:00	25.892	95.781	0.987331614	51
2564614	2022-03-11 17:35:00	26.9636	95.986	0.988431981	52.3
2564630	2022-03-11 17:36:00	26.7979	96.737	0.988055933	58
2564874	2022-03-11 17:37:00	26.6309	96.04	0.987385778	42.1
2564916	2022-03-11 17:38:00	27.3418	96.603	0.988797484	39.2
2565188	2022-03-11 17:39:00	27.7204	95.954	0.988831946	51.6
2565220	2022-03-11 17:40:00	26.4666	95.604	0.989083099	58.7
2565270	2022-03-11 17:41:00	26.7741	96.236	0.989693028	57.1
2565296	2022-03-11 17:42:00	27.079	95.407	0.988664987	53.2
2565320	2022-03-11 17:43:00	26.5408	96.158	0.989484331	56.1
2565334	2022-03-11 17:44:00	25.9985	96.605	0.988652796	62.7
2565422	2022-03-11 17:45:00	27.5708	95.627	0.989294692	60.2
2565478	2022-03-11 17:46:00	26.6676	96.274	0.988847385	55.5
2565686	2022-03-11 17:47:00	26.245	95.553	0.988240924	59.6
2565726	2022-03-11 17:48:00	27.9126	96.532	0.989234261	52.8
2565784	2022-03-11 17:49:00	26.5809	96.033	0.988968743	53.5
2566020	2022-03-11 17:50:00	26.0612	96.872	0.988796392	61.8
2566162	2022-03-11 17:52:00	26.9001	95.959	0.989254025	62.5
2566172	2022-03-11 17:53:00	27.5322	95.436	0.988974716	57.8
2566242	2022-03-11 17:54:00	26.6787	95.868	0.988187176	64.6
2566262	2022-03-11 17:55:00	27.4909	95.948	0.987907968	62.3
2566834	2022-03-11 17:56:00	25.8632	95.882	0.989646358	57.4
2566916	2022-03-11 17:57:00	27.0675	95.743	0.989443337	56.6
2566964	2022-03-11 17:58:00	25.9409	95.975	0.989235775	44.8
2567308	2022-03-11 18:01:00	25.1787	96.858	0.988627521	46.2
2567342	2022-03-11 18:02:00	29.5925	95.472	0.988167055	55.3
2567426	2022-03-11 18:03:00	25.992	96.822	0.988984355	61
2567454	2022-03-11 18:04:00	26.6655	95.469	0.989084981	60.9
2567488	2022-03-11 18:05:00	26.6781	95.811	0.9891122	59.8
2567728	2022-03-11 18:06:00	28.0298	97.171	0.989575025	56.7
2567730	2022-03-11 18:07:00	25.8574	97.783	0.988203258	50.3
2567850	2022-03-11 18:08:00	27.7454	96.726	0.989664246	57
2567902	2022-03-11 18:09:00	29.1072	96.118	0.98812883	49.7
2568032	2022-03-11 18:10:00	27.2009	97.701	0.988188762	56.3
2568482	2022-03-11 18:11:00	25.607	95.558	0.989494134	61.3
2569060	2022-03-11 18:12:00	27.7712	95.506	0.989365657	60.4
2569294	2022-03-11 18:13:00	26.9464	95.864	0.989457179	63.4
2569318	2022-03-11 18:14:00	26.8759	96.42	0.989316022	59.9
2569456	2022-03-11 18:15:00	26.4545	96.033	0.988523591	54
2569488	2022-03-11 18:16:00	26.7825	95.908	0.988912621	58.2
2569668	2022-03-11 18:17:00	26.1076	95.337	0.988479055	64.9
2569806	2022-03-11 18:18:00	27.4044	95.492	0.98902533	62.2
2569894	2022-03-11 18:19:00	26.6546	96.237	0.989756976	60.8
2569898	2022-03-11 18:20:00	29.4323	96.792	0.988963908	47.4
2569976	2022-03-11 18:21:00	27.039	95.781	0.988673103	61.1
2571556	2022-03-11 18:22:00	26.5022	96.162	0.988443324	58.7
2571676	2022-03-11 18:23:00	26.8447	95.501	0.988096188	55.9
2572000	2022-03-11 18:24:00	26.4535	95.982	0.988206371	57.9
2572160	2022-03-11 18:25:00	26.4273	96.157	0.98889962	37.6
2572472	2022-03-11 18:26:00	26.2703	95.504	0.98918269	62.7
2572734	2022-03-11 18:27:00	26.8442	95.987	0.988630026	56.6
2572932	2022-03-11 18:28:00	27.399	96.086	0.98946853	55.3
2573012	2022-03-11 18:29:00	26.8433	96.764	0.988594681	59.4
2573108	2022-03-11 18:30:00	26.7427	95.606	0.98894507	48.9
2573588	2022-03-11 18:31:00	27.706	96.892	0.989045215	58.5
2574092	2022-03-11 18:32:00	27.0057	96.249	0.989714435	55.6
2574224	2022-03-11 18:33:00	26.4201	96.787	0.989674783	57.6
2574228	2022-03-11 18:34:00	28.2459	96.827	0.989275821	51.4
2574274	2022-03-11 18:35:00	27.934	96.15	0.989354545	63.1
2574338	2022-03-11 18:36:00	26.8841	96.301	0.989138371	56.6
2574392	2022-03-11 18:37:00	26.9871	96.944	0.989739936	66.2
2574412	2022-03-11 18:38:00	27.0968	95.755	0.989479841	66.6
2502823	2022-03-11 18:39:00	26.341	95.243	0.989207179	62.7
2502855	2022-03-11 18:40:00	27.3136	95.047	0.988293102	59.5
2502923	2022-03-11 18:41:00	26.4625	95.621	0.988728377	58.5
2502935	2022-03-11 18:42:00	26.8955	96.147	0.989086672	62.5
2502967	2022-03-11 18:43:00	26.9862	95.629	0.988570682	59.5
2503045	2022-03-11 18:44:00	26.0783	95.403	0.988682456	63.9
2503125	2022-03-11 18:45:00	27.0623	95.575	0.988666775	64.8
2503127	2022-03-11 18:46:00	26.2066	95.835	0.988761837	67.8
2503137	2022-03-11 18:47:00	27.4866	96.702	0.989754188	71.9
2503141	2022-03-11 18:48:00	26.8347	96.641	0.988370789	62.6
2503197	2022-03-11 18:49:00	26.4862	95.324	0.988784682	61.1
2503345	2022-03-11 18:50:00	26.8687	95.811	0.989102494	66.3
2503417	2022-03-11 18:51:00	27.1076	96.116	0.989123464	64.4
2503431	2022-03-11 18:52:00	27.4732	95.246	0.988738071	65.8
2503603	2022-03-11 18:53:00	27.9974	94.68	0.988855788	65.6
2503659	2022-03-11 18:54:00	25.7727	95.142	0.988735625	59.1
2503847	2022-03-11 18:55:00	25.9405	95.57	0.987704558	67.3
2503879	2022-03-11 18:56:00	27.6336	96.309	0.9884559	68.1
2503951	2022-03-11 18:57:00	26.7992	96.543	0.989347117	64.5
2503981	2022-03-11 18:58:00	26.4618	95.661	0.988618435	67.9
2504245	2022-03-11 18:59:00	26.8485	95.341	0.988489067	67.6
2504319	2022-03-11 19:00:00	27.4436	95.461	0.988223284	67.3
2504339	2022-03-11 19:01:00	27.8496	96.029	0.988693481	68.3
2504363	2022-03-11 19:02:00	26.9384	95.288	0.988199144	59.9
2504397	2022-03-11 19:03:00	26.9413	95.818	0.988365737	63.6
2504419	2022-03-11 19:04:00	25.7254	96.749	0.9882927	66
2504623	2022-03-11 19:05:00	27.4267	95.651	0.989270934	63.6
2504871	2022-03-11 19:06:00	27.6869	95.788	0.987979556	67.9
2504923	2022-03-11 19:07:00	27.8082	95.704	0.988181492	58.5
2504955	2022-03-11 19:08:00	25.7817	97.267	0.988248015	61.5
2505025	2022-03-11 19:09:00	28.0793	96.701	0.989254374	64.4
2505213	2022-03-11 19:10:00	26.3649	96.248	0.988101445	61.8
2505321	2022-03-11 19:11:00	28.5078	95.614	0.988325264	67.6
2505357	2022-03-11 19:12:00	27.9222	96.714	0.988076448	65.7
2505579	2022-03-11 19:13:00	25.6913	95.117	0.98774643	69.6
2505761	2022-03-11 19:14:00	24.8996	94.026	0.989800954	49.7
2505877	2022-03-11 19:15:00	26.0159	94.854	0.989191967	59.9
2506189	2022-03-11 19:16:00	27.0785	95.259	0.98886973	70.6
2506211	2022-03-11 19:17:00	28.2044	95.175	0.988714069	74.4
2506331	2022-03-11 19:18:00	27.2861	95.752	0.988133675	66.1
2506355	2022-03-11 19:19:00	26.9406	96.605	0.989014081	68.5
2506405	2022-03-11 19:20:00	26.1281	95.667	0.987133197	67.2
2506577	2022-03-11 19:21:00	28.5254	96	0.988668982	69.5
2506697	2022-03-11 19:22:00	26.0429	96.082	0.988720795	69.7
2506701	2022-03-11 19:23:00	29.406	96.69	0.987924485	72.6
2506907	2022-03-11 19:24:00	27.2635	96.859	0.988183325	70.7
2507039	2022-03-11 19:25:00	27.8909	95.968	0.987694658	63.8
2507237	2022-03-11 19:26:00	26.8028	95.95	0.988378297	65.3
2507245	2022-03-11 19:27:00	27.1313	95.236	0.989008829	62
2507283	2022-03-11 19:28:00	27.7641	96.115	0.988676195	61.6
2507393	2022-03-11 19:29:00	27.4318	96.791	0.988188446	67.3
2507523	2022-03-11 19:30:00	27.3121	96.811	0.989130705	64.9
2507639	2022-03-11 19:31:00	26.9405	95.937	0.988433083	75.8
2507831	2022-03-11 19:32:00	29.475	95.847	0.987324675	78
2508007	2022-03-11 19:33:00	29.0398	95.841	0.987387749	68.8
2508087	2022-03-11 19:34:00	26.2742	96.068	0.98844185	70
2508109	2022-03-11 19:35:00	27.7646	95.861	0.987774304	70.5
2508207	2022-03-11 19:36:00	25.9737	95.679	0.987773719	62.1
2508495	2022-03-11 19:37:00	26.8618	95.377	0.988462781	71.8
2508527	2022-03-11 19:38:00	27.0992	96.847	0.98855952	72
2508749	2022-03-11 19:39:00	27.8205	95.965	0.987971391	69.3
2509031	2022-03-11 19:40:00	27.8278	95.787	0.988051916	54.8
2509475	2022-03-11 19:40:00	25.897	94.745	0.989401218	66
2509535	2022-03-11 19:41:00	28.6045	95.013	0.989051339	60.9
2509867	2022-03-11 19:42:00	28.4041	95.781	0.987962614	62.9
2509967	2022-03-11 19:43:00	27.6298	96.222	0.98866365	64.1
2510045	2022-03-11 19:44:00	26.4951	95.532	0.988389424	70.6
2510051	2022-03-11 19:45:00	26.2482	95.559	0.988267956	69.7
2510239	2022-03-11 19:46:00	27.9081	96.446	0.987974919	67.6
2510283	2022-03-11 19:47:00	28.6952	95.996	0.987480275	70.7
2510303	2022-03-11 19:48:00	28.7174	95.781	0.988644898	68.5
2510643	2022-03-11 19:49:00	26.8605	96.509	0.988326952	73.1
2510835	2022-03-11 19:50:00	27.4113	96.296	0.987597041	68.6
2510981	2022-03-11 19:51:00	27.3237	96.272	0.988458339	70.4
2510987	2022-03-11 19:52:00	27.8983	96.637	0.987443268	67
2511017	2022-03-11 19:53:00	28.0491	97.152	0.988303084	68.4
2511323	2022-03-11 19:54:00	27.9762	95.973	0.987921947	64.1
2511455	2022-03-11 19:55:00	28.6082	95.881	0.987621659	53.5
2511545	2022-03-11 19:56:00	28.2688	96.425	0.987999616	72.6
2511747	2022-03-11 19:57:00	27.904	96.799	0.988158515	74.4
2511795	2022-03-11 19:58:00	27.2803	96.65	0.987689699	66.9
2511853	2022-03-11 19:59:00	26.8194	96.17	0.98848722	65.5
2511917	2022-03-11 20:00:00	28.6349	95.522	0.988355202	44.5
2512127	2022-03-11 20:01:00	25.9935	97.58	0.987913732	68.3
2512603	2022-03-11 20:02:00	28.0654	96.223	0.987947915	66.1
2512827	2022-03-11 20:03:00	27.7821	95.985	0.988149798	73.7
2512877	2022-03-11 20:04:00	27.9581	95.889	0.987934404	67.2
2512895	2022-03-11 20:05:00	27.8012	96.103	0.987553872	75.4
2512955	2022-03-11 20:06:00	28.6729	96.687	0.987217502	66.3
2513079	2022-03-11 20:07:00	26.8413	94.37	0.988432031	58.9
2513117	2022-03-11 20:08:00	25.9887	95.131	0.989791182	56.8
2513145	2022-03-11 20:09:00	25.9881	94.141	0.989590313	57.5
2513175	2022-03-11 20:10:00	26.1165	96.096	0.989611554	48.5
2513419	2022-03-11 20:11:00	27.8424	95.705	0.989498625	0.5
2513435	2022-03-11 20:12:00	27.9542	96.377	0.989579078	58.4
2513617	2022-03-11 20:13:00	25.4588	95.904	0.988129977	66
2513917	2022-03-11 20:14:00	26.6249	95.772	0.988509992	61.4
2514043	2022-03-11 20:15:00	26.8916	95.909	0.98820446	66.7
2514111	2022-03-11 20:16:00	27.3653	96.071	0.988600892	73
2514191	2022-03-11 20:17:00	26.0167	95.513	0.988863423	74.4
2514399	2022-03-11 20:18:00	27.676	96.083	0.987844798	66.5
2514609	2022-03-11 20:19:00	28.6765	95.797	0.988368786	69.9
2515057	2022-03-11 20:20:00	28.1426	95.801	0.987547675	60.5
2515511	2022-03-11 20:21:00	26.4445	95.656	0.988394377	68.2
2515859	2022-03-11 20:22:00	28.0383	97.245	0.988719398	71.9
2515929	2022-03-11 20:23:00	27.4657	97.156	0.988716552	65.3
2516149	2022-03-11 20:24:00	28.1678	95.521	0.988382195	68.3
2516299	2022-03-11 20:25:00	25.7236	95.902	0.988203646	61.7
2516339	2022-03-11 20:26:00	27.8401	96.366	0.988618215	73
2516575	2022-03-11 20:27:00	26.0731	94.303	0.989269957	46.7
2516617	2022-03-11 20:28:00	24.6927	93.873	0.989594245	40
2516637	2022-03-11 20:29:00	25.7661	94.818	0.99006906	37
2516815	2022-03-11 20:30:00	26.3502	94.824	0.989538283	52.4
2516941	2022-03-11 20:31:00	27.2287	95.66	0.989679249	57.8
2517151	2022-03-11 20:32:00	27.4146	95.031	0.988459444	63.8
2517245	2022-03-11 20:33:00	26.2809	96.416	0.989266447	60.3
2517373	2022-03-11 20:34:00	26.1591	95.97	0.989195546	68.2
2517437	2022-03-11 20:35:00	28.1236	96.234	0.98894457	66.2
2517521	2022-03-11 20:36:00	26.9583	95.231	0.988181073	59
2517523	2022-03-11 20:37:00	27.4768	96.407	0.98827858	66.4
2517887	2022-03-11 20:38:00	27.0639	95.678	0.988300948	58.6
2517965	2022-03-11 20:39:00	25.93	96.916	0.988635264	70.9
2518193	2022-03-11 20:40:00	27.0766	95.987	0.987795934	71.3
2518725	2022-03-11 20:41:00	27.1308	96.819	0.9881178	68.5
2518865	2022-03-11 20:42:00	28.2337	96.031	0.988920596	68.2
2518907	2022-03-11 20:43:00	27.3621	96.657	0.987682159	64.7
2518915	2022-03-11 20:44:00	26.2158	95.768	0.988245967	63.3
2519019	2022-03-11 20:45:00	26.2625	95.818	0.988664726	59.7
2519175	2022-03-11 20:46:00	27.3133	95.38	0.988530169	69.1
2519185	2022-03-11 20:47:00	25.8318	95.386	0.987969706	49.6
2519373	2022-03-11 20:48:00	25.8157	96.632	0.9883652	60.1
2519483	2022-03-11 20:49:00	26.2087	95.817	0.988305842	64.8
2519967	2022-03-11 20:50:00	28.1179	96.375	0.988331889	61
2520055	2022-03-11 20:51:00	27.3643	95.392	0.987473407	65.3
2520157	2022-03-11 20:52:00	26.186	93.587	0.988329692	34.1
2520159	2022-03-11 20:53:00	24.9094	93.091	0.988879036	49
2520177	2022-03-11 20:54:00	25.2897	94.042	0.988599278	51.2
2520219	2022-03-11 20:55:00	29.3491	93.515	0.989598524	54.1
2520255	2022-03-11 20:56:00	25.709	94.849	0.989911443	55.5
2520485	2022-03-11 20:57:00	28.6048	95.49	0.989512554	60.3
2520619	2022-03-11 20:58:00	26.2457	95.35	0.989214467	56.9
2520753	2022-03-11 20:59:00	28.1941	95.864	0.989258136	70.9
2520859	2022-03-11 21:00:00	27.8739	96.822	0.989432369	57
2521729	2022-03-11 21:01:00	26.7967	96.925	0.989376406	62
2521865	2022-03-11 21:02:00	26.4474	93.384	0.988615034	48.7
2521921	2022-03-11 21:03:00	26.8744	94.367	0.99054376	34.7
2521987	2022-03-11 21:04:00	27.3323	94.035	0.990112253	52.2
2522071	2022-03-11 21:05:00	26.3774	95.376	0.989945195	59
2522079	2022-03-11 21:06:00	27.2118	95.621	0.990119324	63.3
2522419	2022-03-11 21:07:00	27.6545	95.725	0.988728505	64.5
2522427	2022-03-11 21:08:00	27.1416	95.283	0.989125451	56.1
2522593	2022-03-11 21:09:00	26.7463	96.174	0.989217455	66.9
2522659	2022-03-11 21:10:00	26.229	96.337	0.989505571	64.5
2522845	2022-03-11 21:11:00	27.4695	95.828	0.988468682	53.2
2523069	2022-03-11 21:12:00	28.0436	95.271	0.987990307	66.6
2523071	2022-03-11 21:13:00	27.6568	96.038	0.988521357	65.3
2523879	2022-03-11 21:14:00	26.8836	95.94	0.988092696	49.2
2524131	2022-03-11 21:15:00	26.6184	96.307	0.989578473	61.9
2524731	2022-03-11 21:16:00	26.9338	95.692	0.988563939	65.4
2524951	2022-03-11 21:17:00	27.072	96.51	0.989025714	73.5
2525121	2022-03-11 21:18:00	26.2837	94.318	0.99007501	36.9
2525131	2022-03-11 21:19:00	26.5675	94.411	0.989446861	52.7
2525151	2022-03-11 21:20:00	25.4981	94.034	0.990160262	33.4
2525183	2022-03-11 21:21:00	25.5855	95.448	0.990043736	55.1
2525355	2022-03-11 21:22:00	27.0299	94.26	0.990448503	51.9
2525363	2022-03-11 21:23:00	27.0363	95.354	0.989949959	52.5
2525499	2022-03-11 21:24:00	26.3355	95.344	0.989034752	0.8
2525619	2022-03-11 21:25:00	25.9088	95.974	0.989375311	64.7
2525941	2022-03-11 21:26:00	27.6138	95.695	0.988604388	63
2526157	2022-03-11 21:27:00	26.6822	96.059	0.988770873	66.7
2526451	2022-03-11 21:28:00	27.2903	95.996	0.987619223	63.8
2526885	2022-03-11 21:29:00	28.2935	96.548	0.987997705	72.3
2527027	2022-03-11 21:30:00	26.9904	96.25	0.987842443	64
2527535	2022-03-11 21:31:00	28.7608	96.15	0.98835148	64.6
2527623	2022-03-11 21:32:00	27.5744	96.657	0.988450545	72.1
2528315	2022-03-11 21:33:00	28.2001	96.023	0.987818099	66.6
2528347	2022-03-11 21:34:00	26.9272	95.462	0.988256328	68.5
2528407	2022-03-11 21:35:00	26.2678	95.968	0.987452876	42.9
2528687	2022-03-11 21:36:00	26.5369	95.882	0.98773977	62.5
2529253	2022-03-11 21:37:00	26.6677	95.628	0.989680105	64.9
2529331	2022-03-11 21:38:00	27.1242	95.434	0.988819472	71.6
2529377	2022-03-11 21:39:00	28.4348	95.797	0.98938699	61
2529413	2022-03-11 21:40:00	28.1473	96.151	0.989093641	64.2
2529741	2022-03-11 21:41:00	27.0135	96.09	0.988317051	63.4
2529787	2022-03-11 21:42:00	26.8776	96.675	0.9875749	72.7
2530109	2022-03-11 21:43:00	28.1109	96.146	0.988547731	70.4
2530309	2022-03-11 21:44:00	27.3139	96.094	0.988336143	40.6
2530853	2022-03-11 21:45:00	27.3308	97.991	0.988500959	68.1
2530939	2022-03-11 21:46:00	28.6418	96.27	0.988120017	76.2
2531231	2022-03-11 21:47:00	29.0189	96.712	0.988286846	78.5
2531285	2022-03-11 21:48:00	28.0387	95.888	0.987978337	71.9
2531581	2022-03-11 21:49:00	27.3096	97.258	0.988013998	72
2531621	2022-03-11 21:50:00	26.324	95.579	0.987563012	66.1
2532055	2022-03-11 21:51:00	27.0447	96.185	0.988881379	60.8
2532351	2022-03-11 21:52:00	27.1291	97.336	0.98901353	50.9
2532835	2022-03-11 21:53:00	27.2023	93.848	0.989139506	56.6
2532841	2022-03-11 21:54:00	26.2263	94.284	0.990182218	56.2
2532847	2022-03-11 21:55:00	26.8642	94.777	0.989859128	53.3
2532927	2022-03-11 21:56:00	26.6246	94.458	0.990245724	54.8
2532959	2022-03-11 21:57:00	26.9948	95.221	0.99021741	59.5
2532977	2022-03-11 21:58:00	26.5705	95.521	0.990271254	66.1
2533155	2022-03-11 21:59:00	27.5951	95.736	0.989407022	69.6
2533173	2022-03-11 22:00:00	27.9378	96.116	0.989860969	63.5
2533249	2022-03-11 22:01:00	27.5133	95.994	0.989396278	71.8
2533427	2022-03-11 22:02:00	28.8321	95.982	0.98909704	71.4
2533923	2022-03-11 22:03:00	27.5116	97.085	0.988483038	53.9
2533975	2022-03-11 22:04:00	26.8393	96.745	0.988801012	70.9
2533985	2022-03-11 22:05:00	27.3839	96.797	0.988375846	72.7
2534423	2022-03-11 22:06:00	27.5769	96.332	0.987775102	71.4
2534653	2022-03-11 22:07:00	27.1189	97.55	0.987513567	78.1
2534903	2022-03-11 22:08:00	27.1146	96.983	0.988619211	72.1
2534935	2022-03-11 22:09:00	27.5753	97.56	0.988205871	76.6
2535155	2022-03-11 22:10:00	27.2768	96.797	0.988039231	70.3
2535215	2022-03-11 22:11:00	27.9296	95.721	0.988765482	67.4
2535253	2022-03-11 22:12:00	27.5087	96.398	0.988265535	69.8
2535351	2022-03-11 22:13:00	27.2358	97.361	0.988254118	63.2
2535379	2022-03-11 22:14:00	27.1405	97.375	0.988289083	66.9
2536029	2022-03-11 22:15:00	28.1216	96.674	0.988692766	66.2
2536193	2022-03-11 22:16:00	28.2012	96.613	0.988705101	67.6
2536609	2022-03-11 22:17:00	27.1998	94.712	0.989971586	70.5
2536937	2022-03-11 22:18:00	28.299	95.752	0.989176831	72.7
2537029	2022-03-11 22:19:00	28.2639	95.813	0.988852415	66.6
2537161	2022-03-11 22:20:00	26.4129	96.776	0.988698817	66.8
2537323	2022-03-11 22:21:00	26.5172	96.096	0.988297289	74.3
2537347	2022-03-11 22:22:00	27.2885	97.187	0.989244854	71.6
2538165	2022-03-11 22:23:00	26.9668	96.721	0.988068097	66.6
2539067	2022-03-11 22:24:00	28.2002	95.977	0.988569248	61
2539069	2022-03-11 22:25:00	29.6812	95.697	0.98859202	59.9
2539341	2022-03-11 22:26:00	29.0078	96.005	0.988015616	75.4
2539427	2022-03-11 22:27:00	28.0263	97.307	0.988513122	65.2
2539675	2022-03-11 22:28:00	27.2597	95.468	0.988387858	74
2540087	2022-03-11 22:29:00	27.3175	92.635	0.989806077	51.1
2540153	2022-03-11 22:30:00	27.8951	93.506	0.991233019	57.9
2540159	2022-03-11 22:31:00	26.953	93.722	0.990253328	46
2540233	2022-03-11 22:32:00	28.6772	93.956	0.990677986	58.3
2540369	2022-03-11 22:33:00	27.4856	95.898	0.990123265	53.3
2540549	2022-03-11 22:34:00	27.7414	96.203	0.989592219	66.8
2540763	2022-03-11 22:35:00	27.5938	96.36	0.989019072	74
2540775	2022-03-11 22:36:00	27.6365	96.35	0.988793396	41.9
2540935	2022-03-11 22:37:00	27.8361	95.633	0.988728471	75.1
2541111	2022-03-11 22:38:00	27.9166	95.81	0.988263582	77.4
2541251	2022-03-11 22:39:00	27.4997	97.028	0.988482022	67.8
2541283	2022-03-11 22:40:00	27.9156	96.357	0.988167689	67.9
2541367	2022-03-11 22:41:00	27.5058	96.394	0.988392279	60
2541987	2022-03-11 22:42:00	27.9674	96.73	0.988761181	66.6
2542153	2022-03-11 22:43:00	27.4583	96.242	0.987715381	69.1
2542287	2022-03-11 22:44:00	27.2844	96.056	0.988607109	66.9
2542487	2022-03-11 22:45:00	28.1668	97.367	0.987671086	69.8
2542623	2022-03-11 22:46:00	28.1138	97.163	0.988323345	70.6
2543003	2022-03-11 22:47:00	27.6132	96.808	0.988513865	64.1
2543117	2022-03-11 22:48:00	27.6175	96.767	0.98896325	77.9
2543257	2022-03-11 22:49:00	27.7265	96.458	0.988930341	68.4
2543497	2022-03-11 22:50:00	26.8131	96.626	0.989295949	72.6
2543641	2022-03-11 22:51:00	26.9124	94.502	0.989693145	56.1
2543683	2022-03-11 22:52:00	27.5163	95.314	0.989869423	54.3
2543747	2022-03-11 22:53:00	26.5329	94.891	0.990137885	54.1
2543937	2022-03-11 22:54:00	28.0017	95.495	0.990099476	65.3
2544037	2022-03-11 22:55:00	27.8717	95.244	0.989365904	51.8
2544227	2022-03-11 22:56:00	26.1829	95.74	0.990063854	58
2544275	2022-03-11 22:57:00	27.3609	96.445	0.989811779	62.3
2544407	2022-03-11 22:58:00	26.7767	96.515	0.989560998	67.8
2544419	2022-03-11 22:59:00	28.3567	95.098	0.990289147	68.2
2544451	2022-03-11 23:00:00	25.6581	95.626	0.989611875	56.8
2544621	2022-03-11 23:01:00	25.6345	96.493	0.988784571	64.9
2544691	2022-03-11 23:02:00	26.6499	96.855	0.989321114	63
2544705	2022-03-11 23:03:00	25.9815	97.453	0.989318649	65.6
2544763	2022-03-11 23:04:00	26.1515	96.124	0.990038922	61.4
2544793	2022-03-11 23:05:00	25.4546	97.565	0.989508547	59.1
2544837	2022-03-11 23:06:00	27.7528	96.306	0.989294853	59.3
2544847	2022-03-11 23:07:00	26.4358	96.688	0.989790107	66.5
2544903	2022-03-11 23:08:00	26.0005	96.238	0.989403484	54.6
2545189	2022-03-11 23:09:00	26.8742	96.695	0.989774528	52.7
2545193	2022-03-11 23:10:00	26.1871	96.408	0.989387866	60.1
2545279	2022-03-11 23:11:00	26.4966	96.304	0.988677205	63.1
2545637	2022-03-11 23:12:00	29.1339	95.712	0.989267283	0.7
2545765	2022-03-11 23:13:00	25.0876	97.016	0.988813381	59.9
2545795	2022-03-11 23:14:00	26.3531	96.821	0.989196396	64.6
2545867	2022-03-11 23:15:00	26.0775	97.207	0.988928203	53.9
2546057	2022-03-11 23:16:00	26.2324	96.375	0.989457876	56.8
2546373	2022-03-11 23:17:00	26.9325	96.471	0.989484409	68.3
2546381	2022-03-11 23:18:00	25.9713	95.472	0.989655968	64.3
2546569	2022-03-11 23:19:00	26.5427	96.142	0.989202679	61
2546747	2022-03-11 23:20:00	24.7595	94.096	0.98967994	55.5
2546781	2022-03-11 23:21:00	26.4533	94.566	0.989887199	47.4
2546823	2022-03-11 23:22:00	26.3697	95.389	0.990523235	48.2
2546929	2022-03-11 23:23:00	25.9623	94.927	0.990537157	0.1
2547005	2022-03-11 23:24:00	27.0594	95.855	0.990490224	55.2
2547133	2022-03-11 23:25:00	25.964	95.637	0.990799121	64.6
2547383	2022-03-11 23:26:00	25.9314	97.139	0.98916667	62.7
2547457	2022-03-11 23:27:00	26.2451	95.792	0.990012336	66.1
2547969	2022-03-11 23:28:00	25.3818	96.224	0.988707645	61.1
2547997	2022-03-11 23:29:00	26.4882	96.354	0.988658404	52.3
2548147	2022-03-11 23:30:00	25.6463	95.818	0.98925127	58.3
2548227	2022-03-11 23:31:00	26.5441	96.71	0.988730894	59.2
2548339	2022-03-11 23:32:00	27.1121	95.35	0.989242423	0.6
2548387	2022-03-11 23:33:00	25.5075	95.714	0.989186067	56
2548433	2022-03-11 23:34:00	25.8247	95.497	0.990082309	44.9
2548525	2022-03-11 23:35:00	26.4053	95.947	0.989482513	54.9
2548539	2022-03-11 23:36:00	27.6856	96.036	0.989815095	37.5
2548673	2022-03-11 23:37:00	26.6805	95.625	0.989967819	57.9
2548675	2022-03-11 23:38:00	26.4217	95.996	0.98919422	57.7
2548883	2022-03-11 23:39:00	26.5228	95.648	0.989935287	59.4
2548959	2022-03-11 23:40:00	25.9345	96.794	0.989867791	59.6
2549109	2022-03-11 23:41:00	27.4787	96.57	0.989296838	63.1
2549139	2022-03-11 23:42:00	27.4206	95.892	0.988813656	56.5
2549249	2022-03-11 23:43:00	27.3896	95.751	0.990070698	56.4
2549263	2022-03-11 23:44:00	26.418	96.351	0.989701303	54.2
2549397	2022-03-11 23:45:00	26.8246	96.51	0.989403099	46.5
2549415	2022-03-11 23:46:00	26.9296	96.563	0.989676475	58.6
2549443	2022-03-11 23:47:00	27.2769	96.373	0.989589062	51.6
2549491	2022-03-11 23:48:00	26.2088	97.183	0.989258174	53
2549591	2022-03-11 23:49:00	28.1379	96.516	0.989128485	49.9
2549613	2022-03-11 23:50:00	26.34	96.242	0.988988287	45.3
2549619	2022-03-11 23:51:00	27.6568	96.084	0.990070614	62.7
2549767	2022-03-11 23:52:00	27.1793	95.658	0.989622749	54.9
2549791	2022-03-11 23:53:00	27.6657	96.165	0.989965658	62.8
2549867	2022-03-11 23:54:00	25.5523	93.494	0.989890817	45.6
2549873	2022-03-11 23:55:00	25.9515	93.104	0.98959195	39.4
2549895	2022-03-11 23:56:00	25.4421	93.718	0.990811296	31.1
2549903	2022-03-11 23:57:00	25.0079	93.47	0.990497442	30.2
2549925	2022-03-11 23:58:00	26.0884	94.138	0.99042961	27.7
2549927	2022-03-11 23:59:00	25.636	94.12	0.990277841	31.1
2502713	2022-03-11 09:00:00	27.6562	95.601	0.98890755	59.7
2502767	2022-03-11 09:01:00	27.3537	95.561	0.988036671	62.7
2502843	2022-03-11 09:02:00	26.4515	95.185	0.988907692	59.8
2502865	2022-03-11 09:03:00	28.0768	95.848	0.988206512	69.9
2502915	2022-03-11 09:04:00	26.6773	95.886	0.98951799	68
2502961	2022-03-11 09:05:00	NA	95.267	0.988778293	66.3
2503021	2022-03-11 09:07:00	25.722	96.337	0.988834599	68.9
2503103	2022-03-11 09:08:00	26.8988	95.37	0.988849862	55.8
2503111	2022-03-11 09:09:00	27.1605	95.849	0.988870639	66
2503129	2022-03-11 09:10:00	26.4901	95.896	NA	66.5
2503181	2022-03-11 09:11:00	26.7169	95.701	0.989231228	63
2503305	2022-03-11 09:12:00	26.0864	95.184	0.987972289	65.3
2503375	2022-03-11 09:13:00	26.2519	95.214	0.988983492	65
2503443	2022-03-11 09:14:00	26.2568	95.738	0.987425646	62.7
2503469	2022-03-11 09:15:00	26.3635	96.454	0.988683807	58.7
2503655	2022-03-11 09:16:00	26.5848	95.874	0.988164421	62.5
2503693	2022-03-11 09:17:00	26.1238	95.784	0.988640764	59.7
2503947	2022-03-11 09:18:00	25.7959	96.975	0.988885354	65.7
2503959	2022-03-11 09:19:00	27.8938	95.767	0.989371004	68.3
2504525	2022-03-11 09:20:00	26.1539	95.179	0.988411519	65.7
2504577	2022-03-11 09:21:00	26.754	96.098	0.989101202	60.8
2504613	2022-03-11 09:22:00	27.7024	95.974	0.988676891	56.7
2504655	2022-03-11 09:23:00	27.6106	95.273	0.988717153	67.6
2504897	2022-03-11 09:24:00	27.6061	96.138	0.988607959	65.8
2504999	2022-03-11 09:25:00	25.617	95.465	0.988144244	69.7
2505055	2022-03-11 09:26:00	28.4504	95.14	0.988527492	63.4
2505259	2022-03-11 09:27:00	27.7101	95.3	0.988928486	76.8
2505339	2022-03-11 09:28:00	27.1443	95.27	0.988147108	63.2
2505483	2022-03-11 09:29:00	26.1869	95.661	0.988754329	72.4
2505519	2022-03-11 09:30:00	27.9434	96.506	0.987997811	71.2
2505813	2022-03-11 09:31:00	27.2959	94.267	0.989916397	49.8
2505873	2022-03-11 09:32:00	26.4354	94.443	0.989538171	60.8
2505883	2022-03-11 09:33:00	26.2322	94.511	0.989399317	53.2
2505925	2022-03-11 09:34:00	26.1575	94.714	0.989281178	56.8
2506011	2022-03-11 09:35:00	26.1008	95.249	0.988892564	61
2506013	2022-03-11 09:36:00	27.7353	95.785	0.989424008	68.7
2506089	2022-03-11 09:37:00	27.1933	96.057	0.989083747	68
2506107	2022-03-11 09:38:00	27.5127	95.152	0.988515407	68.2
2506183	2022-03-11 09:39:00	28.8078	95.586	0.988164436	70.9
2506373	2022-03-11 09:40:00	27.7946	96.877	0.988135102	60.7
2506429	2022-03-11 09:41:00	27.2185	95.814	0.987972309	69.1
2506559	2022-03-11 09:42:00	27.1306	95.705	0.988528117	74.8
2507179	2022-03-11 09:43:00	28.0445	95.643	0.988285536	66.5
2507313	2022-03-11 09:44:00	27.2644	95.953	0.989013997	62.4
2507337	2022-03-11 09:45:00	27.1126	96.26	0.989016944	67.7
2507757	2022-03-11 09:46:00	28.3403	96.062	0.988489983	67
2508363	2022-03-11 09:47:00	26.658	95.991	0.988319972	70
2508535	2022-03-11 09:48:00	27.9969	96.633	0.988577004	67.6
2509397	2022-03-11 09:49:00	26.927	93.436	0.987980021	62.2
2509469	2022-03-11 09:50:00	26.4873	93.813	0.989050451	59.7
2509509	2022-03-11 09:51:00	26.7542	94.896	0.989763098	68.9
2509521	2022-03-11 09:52:00	27.1557	96.084	0.989610469	63
2510623	2022-03-11 09:53:00	27.0719	96.643	0.988384666	75.3
2510683	2022-03-11 09:54:00	27.6113	96.016	0.988111512	65
2510977	2022-03-11 09:55:00	28.1756	95.96	0.987602145	60.2
2511049	2022-03-11 09:56:00	27.5053	96.066	0.987937479	65.6
2511365	2022-03-11 09:57:00	28.2465	96.254	0.987785019	65
2511615	2022-03-11 09:58:00	27.4264	96.213	0.987351001	61.2
2511855	2022-03-11 09:59:00	26.9289	96.007	0.987553359	70.7
2549929	2022-03-12 00:00:00	27.0931	94.329	0.99082522	42.8
2549975	2022-03-12 00:01:00	26.2789	94.199	0.990685994	47.4
2550111	2022-03-12 00:02:00	26.5301	95.918	0.990604998	55.7
2550239	2022-03-12 00:03:00	26.6943	95.538	0.990238959	63.1
2550245	2022-03-12 00:04:00	26.3364	95.286	0.990307865	60.9
2550311	2022-03-12 00:05:00	26.3096	96.263	0.989606092	57.2
2550339	2022-03-12 00:06:00	26.6591	95.481	0.990134661	58.9
2550387	2022-03-12 00:07:00	26.2588	95.812	0.989678957	62.2
2550523	2022-03-12 00:08:00	27.5328	96.792	0.988550701	71.1
2550569	2022-03-12 00:09:00	27.555	96.712	0.988463286	62.7
2550901	2022-03-12 00:10:00	26.8968	95.569	0.989011345	59.6
2550929	2022-03-12 00:11:00	26.4714	96.499	0.988742847	65
2551161	2022-03-12 00:12:00	28.3817	96.288	0.988265359	64.9
2551225	2022-03-12 00:13:00	26.975	95.733	0.988490202	69.7
2551305	2022-03-12 00:14:00	28.3564	96.648	0.988919987	60.3
2551409	2022-03-12 00:15:00	27.1585	97.357	0.989382922	62.6
2551433	2022-03-12 00:16:00	25.7003	96.404	0.988656961	67.2
2551589	2022-03-12 00:17:00	28.7935	96.507	0.988167068	65.8
2551601	2022-03-12 00:18:00	26.5517	96.206	0.98803917	50.4
2552065	2022-03-12 00:19:00	27.5804	96.618	0.989727872	59.6
2552109	2022-03-12 00:20:00	27.4005	96.003	0.989517428	56.4
2552191	2022-03-12 00:21:00	26.7545	96.081	0.988927542	50.6
2552289	2022-03-12 00:22:00	28.9179	96.244	0.988941838	62.2
2552381	2022-03-12 00:23:00	27.0655	95.683	0.98999199	55.7
2552557	2022-03-12 00:24:00	28.5978	96.183	0.989238173	51.7
2552665	2022-03-12 00:25:00	27.1937	96.142	0.990647923	60.3
2552671	2022-03-12 00:26:00	26.272	95.761	0.98966743	51.2
2552675	2022-03-12 00:27:00	27.0536	95.865	0.989670194	66.7
2552715	2022-03-12 00:28:00	27.4381	95.665	0.990174103	65.8
2552839	2022-03-12 00:29:00	28.2625	96.411	0.989940984	67.1
2552971	2022-03-12 00:30:00	26.3496	96.433	0.989098668	53.7
2553231	2022-03-12 00:31:00	27.1022	96.435	0.988917414	67.4
2553247	2022-03-12 00:32:00	26.75	96.471	0.989678777	68.1
2553369	2022-03-12 00:33:00	28.1511	96.342	0.98907556	46.2
2553613	2022-03-12 00:34:00	26.8103	93.979	0.989340157	46.3
2553747	2022-03-12 00:35:00	26.2809	95.433	0.990634821	58.9
2553819	2022-03-12 00:36:00	27.1106	95.165	0.990572582	51.7
2554083	2022-03-12 00:37:00	26.429	95.43	0.989631481	62.7
2554121	2022-03-12 00:38:00	26.9824	95.386	0.989865694	60.5
2554165	2022-03-12 00:39:00	25.8416	95.552	0.989280317	64.1
2554653	2022-03-12 00:40:00	26.4345	95.722	0.989256225	66.6
2554791	2022-03-12 00:41:00	27.1098	96.195	0.988639913	55.3
2554811	2022-03-12 00:42:00	27.6492	96.227	0.98817306	63.5
2555111	2022-03-12 00:43:00	26.6669	96.694	0.989435398	36.7
2555135	2022-03-12 00:44:00	27.16	96.143	0.987978791	67.4
2555203	2022-03-12 00:45:00	26.4362	95.659	0.988742031	66.6
2555225	2022-03-12 00:46:00	26.6073	96.42	0.989269401	59.7
2555363	2022-03-12 00:47:00	26.4307	97.556	0.989122323	64.6
2555387	2022-03-12 00:48:00	25.8205	95.7	0.98886443	63.1
2555575	2022-03-12 00:49:00	25.5509	96.024	0.988698904	54.5
2555629	2022-03-12 00:50:00	26.4377	96.702	0.988201996	69.3
2555659	2022-03-12 00:51:00	26.9756	97.786	0.988585789	66.2
2555851	2022-03-12 00:52:00	27.6434	96.779	0.988901236	61.9
2555947	2022-03-12 00:53:00	27.4715	96.071	0.988038898	56.7
2556109	2022-03-12 00:54:00	26.0208	95.54	0.989119651	66.6
2556123	2022-03-12 00:55:00	26.4389	96.862	0.988433572	65.1
2556131	2022-03-12 00:56:00	27.2727	96.307	0.988760806	49.8
2556191	2022-03-12 00:57:00	27.1773	96.298	0.989331727	64.2
2556269	2022-03-12 00:58:00	28.082	97.819	0.988751641	58.4
2556401	2022-03-12 00:59:00	26.6626	97.252	0.989316628	58.3
2556413	2022-03-12 01:00:00	26.7281	96.622	0.989561317	63.2
2556519	2022-03-12 01:01:00	26.9086	96.438	0.988904392	55.5
2556541	2022-03-12 01:02:00	27.3605	96.818	0.989389156	56.9
2556595	2022-03-12 01:03:00	26.6263	96.581	0.989581849	0.8
2556783	2022-03-12 01:04:00	26.0518	96.649	0.989814214	63.2
2557307	2022-03-12 01:05:00	26.0741	95.688	0.989809362	47.6
2557331	2022-03-12 01:06:00	26.9104	95.459	0.989459648	67.9
2557349	2022-03-12 01:07:00	27.4067	96.125	0.989781194	61.8
2557397	2022-03-12 01:08:00	26.6639	96.018	0.988694225	61.7
2557646	2022-03-12 01:09:00	25.902	92.862	0.989556229	32.2
2557660	2022-03-12 01:10:00	26.2444	93.594	0.989566366	36.1
2557764	2022-03-12 01:11:00	26.6858	91.101	0.989594336	40.3
2557784	2022-03-12 01:12:00	26.0656	91.413	0.989847852	1.9
2557790	2022-03-12 01:13:00	24.6039	93.503	0.989380004	32.8
2557794	2022-03-12 01:14:00	25.7992	93.043	0.990184803	23.9
2557798	2022-03-12 01:15:00	25.2164	92.614	0.990010711	15.4
2557814	2022-03-12 01:16:00	26.0198	93.628	0.989893465	16.1
2557816	2022-03-12 01:17:00	25.6334	92.457	0.990749291	32.3
2557818	2022-03-12 01:18:00	25.8203	92.674	0.990445502	23.2
2557820	2022-03-12 01:19:00	25.9104	92.376	0.990204219	11.7
2557828	2022-03-12 01:20:00	26.5583	92.66	0.990634256	33.6
2557832	2022-03-12 01:21:00	25.715	93.372	0.990746368	29.3
2557836	2022-03-12 01:22:00	26.2661	92.72	0.990556019	36.1
2557840	2022-03-12 01:23:00	25.8789	93.331	0.991005838	10
2557844	2022-03-12 01:24:00	25.8964	92.931	0.991276071	31
2557860	2022-03-12 01:25:00	25.8747	93.574	0.991148574	29.8
2557868	2022-03-12 01:26:00	25.486	93.498	0.990850806	30.2
2557882	2022-03-12 01:27:00	26.4931	93.903	0.990615738	33.4
2557888	2022-03-12 01:28:00	27.2307	93.771	0.990699621	41.7
2557898	2022-03-12 01:29:00	25.25	93.725	0.990868737	40.5
2557908	2022-03-12 01:30:00	25.5289	93.513	0.99091238	34.4
2557946	2022-03-12 01:31:00	24.8414	93.994	0.989316489	31.4
2557976	2022-03-12 01:32:00	24.5882	94.136	0.990555277	49.5
2557992	2022-03-12 01:33:00	25.6607	94.571	0.990838683	43.8
2558002	2022-03-12 01:34:00	26.5859	94.608	0.990626244	44.9
2558010	2022-03-12 01:35:00	26.3359	94.336	0.990892915	51.9
2558024	2022-03-12 01:36:00	26.7157	94.335	0.990308653	40.6
2558066	2022-03-12 01:37:00	25.6304	94.277	0.990674186	53.1
2558084	2022-03-12 01:38:00	26.5765	94.621	0.990741273	48.5
2558098	2022-03-12 01:39:00	26.8768	94.552	0.990280746	39
2558114	2022-03-12 01:40:00	26.7547	95.292	0.990981029	47.1
2558238	2022-03-12 01:41:00	26.2816	95.511	0.990332247	42
2558276	2022-03-12 01:42:00	27.8969	95.519	0.989830805	49.1
2558374	2022-03-12 01:43:00	25.9243	96.572	0.989435075	60.7
2558444	2022-03-12 01:44:00	26.3522	95.438	0.989735791	62.4
2558542	2022-03-12 01:45:00	27.6389	95.659	0.989448481	54.3
2558614	2022-03-12 01:46:00	26.7488	95.537	0.989763438	47.5
2558800	2022-03-12 01:47:00	27.5558	95.681	0.989174056	63.3
2558892	2022-03-12 01:48:00	29.732	95.822	0.988478009	61.5
2558964	2022-03-12 01:49:00	25.6742	96.154	0.988309781	39.5
2559038	2022-03-12 01:50:00	26.8141	96.928	0.988905307	62.5
2559134	2022-03-12 01:51:00	26.7493	95.936	0.988050322	68
2559300	2022-03-12 01:52:00	27.2135	97.859	0.988806329	58.9
2559318	2022-03-12 01:53:00	27.2765	96	0.988667126	51.1
2559376	2022-03-12 01:54:00	30.2549	95.946	0.987414198	57.6
2559494	2022-03-12 01:55:00	26.3635	96.214	0.98845876	60.6
2559516	2022-03-12 01:56:00	26.0406	96.323	0.987928516	40.5
2559768	2022-03-12 01:57:00	27.1375	97.631	0.988694147	61.3
2559828	2022-03-12 01:58:00	28.5821	96.944	0.988743903	56
2559880	2022-03-12 01:59:00	26.655	96.089	0.988077875	58.4
2560134	2022-03-12 02:00:00	27.0639	96.278	0.988207061	62.3
2560272	2022-03-12 02:01:00	26.5439	95.958	0.988858562	52.2
2560416	2022-03-12 02:02:00	26.9122	96.054	0.988035832	55.9
2560420	2022-03-12 02:03:00	27.2662	96.019	0.988513154	46.8
2560518	2022-03-12 02:04:00	26.9052	96.735	0.988964995	64
2560664	2022-03-12 02:05:00	29.9923	95.571	0.988817643	69.8
2560676	2022-03-12 02:06:00	30.0591	95.881	0.98865724	61.2
2560770	2022-03-12 02:07:00	26.5735	96.085	0.98940695	61.8
2560782	2022-03-12 02:08:00	25.7523	95.767	0.988645227	58.5
2560940	2022-03-12 02:09:00	26.4497	95.59	0.988928294	65.5
2560950	2022-03-12 02:10:00	26.4328	96.774	0.98942005	43.7
2561130	2022-03-12 02:11:00	25.8732	96.113	0.988797152	54.6
2561244	2022-03-12 02:12:00	26.8039	95.916	0.988779491	62.4
2561266	2022-03-12 02:13:00	26.0317	97.103	0.989794849	65.7
2561504	2022-03-12 02:14:00	25.386	96.615	0.988945389	62.7
2561610	2022-03-12 02:15:00	26.2905	96.068	0.989624804	59
2561686	2022-03-12 02:16:00	26.1818	95.339	0.989007759	60.3
2561786	2022-03-12 02:17:00	27.3098	95.906	0.989077229	57.3
2561868	2022-03-12 02:18:00	25.7433	95.863	0.988582605	47.5
2561936	2022-03-12 02:19:00	27.9684	95.95	0.989128235	65.4
2561966	2022-03-12 02:20:00	26.6811	97.242	0.98999765	58.7
2562090	2022-03-12 02:21:00	26.0924	95.14	0.989654714	41.2
2562096	2022-03-12 02:22:00	26.1762	94.468	0.989155068	53.7
2562120	2022-03-12 02:23:00	26.5447	94.401	0.988744258	36.2
2562152	2022-03-12 02:24:00	25.5705	95.032	0.989494725	33.6
2562198	2022-03-12 02:25:00	26.3273	95.465	0.990182214	47
2562302	2022-03-12 02:26:00	26.6339	95.058	0.990035015	50.8
2562332	2022-03-12 02:27:00	28.0878	95.208	0.989329815	47
2562364	2022-03-12 02:28:00	26.3742	95.021	0.989537826	58.6
2562622	2022-03-12 02:29:00	27.3007	95.841	0.988668843	60.6
2562780	2022-03-12 02:30:00	26.5052	96.408	0.989164103	56.9
2562978	2022-03-12 02:31:00	26.4139	95.604	0.989436055	63.1
2563134	2022-03-12 02:32:00	27.6858	95.054	0.98925724	56.7
2563166	2022-03-12 02:33:00	26.852	96.069	0.988636854	52.8
2563256	2022-03-12 02:34:00	26.7562	95.94	0.988015215	60.3
2563376	2022-03-12 02:35:00	27.8876	96.026	0.988155095	61.3
2563600	2022-03-12 02:36:00	26.7244	96.009	0.988174765	55.7
2563626	2022-03-12 02:37:00	26.419	96.109	0.988871512	61.8
2563658	2022-03-12 02:38:00	27.772	97.083	0.988738923	55.7
2563706	2022-03-12 02:39:00	27.6088	96.774	0.988494811	55
2563708	2022-03-12 02:40:00	27.1976	97.29	0.989067717	59.8
2563924	2022-03-12 02:41:00	26.2533	95.882	0.988517845	62.7
2564178	2022-03-12 02:42:00	27.3263	96.079	0.987856764	62.5
2564236	2022-03-12 02:43:00	27.0059	96.688	0.988478136	54.7
2564272	2022-03-12 02:44:00	27.0256	97.882	0.988679144	66
2564316	2022-03-12 02:45:00	26.9152	96.584	0.988267389	52.6
2564346	2022-03-12 02:46:00	26.6958	96.015	0.988702797	56.1
2564776	2022-03-12 02:47:00	26.0475	96.154	0.98918984	50.7
2565186	2022-03-12 02:48:00	26.7817	95.839	0.988218955	58.6
2565214	2022-03-12 02:49:00	27.1802	96.438	0.988290696	64.8
2565308	2022-03-12 02:50:00	27.1858	95.631	0.988522262	54.2
2565382	2022-03-12 02:51:00	27.4296	95.803	0.988492382	64.1
2565384	2022-03-12 02:52:00	27.2613	96.99	0.989025413	54.7
2565646	2022-03-12 02:53:00	26.7572	96.876	0.989262972	59.1
2565652	2022-03-12 02:54:00	26.7713	96.852	0.989330681	61.4
2565758	2022-03-12 02:55:00	27.3426	95.444	0.988619252	63
2565870	2022-03-12 02:56:00	28.4315	95.486	0.988446061	44.1
2565990	2022-03-12 02:57:00	27.1665	95.892	0.988540743	63.7
2566260	2022-03-12 02:58:00	26.3843	95.511	0.98910921	55.1
2566452	2022-03-12 02:59:00	26.2977	94.599	0.98898714	42.7
2566538	2022-03-12 03:00:00	26.5043	95.984	0.989316425	41.5
2566580	2022-03-12 03:01:00	25.7847	94.819	0.989857868	47.3
2566636	2022-03-12 03:02:00	26.8805	94.921	0.99021236	46.3
2566674	2022-03-12 03:03:00	24.8757	94.501	0.990095845	52.3
2566798	2022-03-12 03:04:00	26.291	95.589	0.990150849	43.5
2566880	2022-03-12 03:05:00	24.8885	96.78	0.988809618	55.3
2566982	2022-03-12 03:06:00	26.2898	96.663	0.989489278	62.3
2567084	2022-03-12 03:07:00	27.5388	95.955	0.989194583	54.8
2567114	2022-03-12 03:08:00	26.4102	96.481	0.989506521	63.2
2567116	2022-03-12 03:09:00	27.066	96.07	0.988919967	61.6
2567374	2022-03-12 03:10:00	29.2963	96.772	0.989227433	56.9
2567606	2022-03-12 03:11:00	26.9538	96.714	0.988507713	53.3
2567700	2022-03-12 03:12:00	25.2228	96.145	0.987956508	57.3
2567774	2022-03-12 03:13:00	26.7574	95.993	0.988225042	56.3
2567978	2022-03-12 03:14:00	26.3921	97.571	0.988206095	0.3
2568034	2022-03-12 03:15:00	26.5909	95.525	0.988618154	0.3
2568296	2022-03-12 03:16:00	25.8936	94.952	0.989459766	47.5
2568320	2022-03-12 03:17:00	26.7194	96.006	0.989853845	51
2568392	2022-03-12 03:18:00	26.7297	95.846	0.990461767	46.2
2568412	2022-03-12 03:19:00	27.1286	94.426	0.989853734	45.3
2568462	2022-03-12 03:20:00	25.4021	95.883	0.990150838	41.8
2568870	2022-03-12 03:21:00	27.9219	95.746	0.989162585	46.8
2568878	2022-03-12 03:22:00	26.4666	97.082	0.989983948	55.2
2568974	2022-03-12 03:23:00	26.9005	96.116	0.989500211	55.2
2569150	2022-03-12 03:24:00	28.04	96.849	0.989538207	56.9
2569168	2022-03-12 03:25:00	30.2081	95.838	0.98883316	59.4
2569480	2022-03-12 03:26:00	26.1598	95.389	0.988045254	56.7
2569564	2022-03-12 03:27:00	26.8571	95.648	0.988714438	56.9
2569818	2022-03-12 03:28:00	27.0199	97.271	0.989744348	51.5
2569958	2022-03-12 03:29:00	27.5881	96.287	0.988949039	61.8
2570110	2022-03-12 03:30:00	26.8477	93.972	0.98956792	43.9
2570118	2022-03-12 03:31:00	26.7556	94.426	0.989822669	36.7
2570136	2022-03-12 03:32:00	26.2295	93.231	0.989751255	38.4
2570144	2022-03-12 03:33:00	25.2143	93.144	0.989749528	25.3
2570146	2022-03-12 03:34:00	26.7124	93.387	0.990511084	40.3
2570150	2022-03-12 03:35:00	26.3162	93.728	0.989979457	34
2570208	2022-03-12 03:36:00	26.9953	94.179	0.990286558	29.6
2570238	2022-03-12 03:37:00	27.4818	94.15	0.990462262	51.9
2570252	2022-03-12 03:38:00	26.4269	95.429	0.99083158	41.3
2570288	2022-03-12 03:39:00	25.9703	94.089	0.99014673	49.4
2570356	2022-03-12 03:40:00	26.8006	95.512	0.989625622	46.4
2570378	2022-03-12 03:41:00	26.6867	95.036	0.989979864	48.2
2570618	2022-03-12 03:42:00	28.2943	96.754	0.989577741	65.4
2570672	2022-03-12 03:43:00	26.761	96.656	0.989001477	56.8
2570746	2022-03-12 03:44:00	25.5754	95.965	0.989681928	57.3
2570784	2022-03-12 03:45:00	26.0953	96.912	0.989610005	56.8
2570840	2022-03-12 03:46:00	26.8786	95.515	0.989236283	47.7
2571384	2022-03-12 03:47:00	26.7741	96.09	0.988497136	60.4
2571392	2022-03-12 03:48:00	25.8465	97.069	0.988498255	60.5
2571460	2022-03-12 03:49:00	25.4082	95.981	0.98997891	58.6
2571464	2022-03-12 03:50:00	29.3174	96.352	0.988376083	53.8
2571910	2022-03-12 03:51:00	26.9425	96.487	0.989132122	57
2571950	2022-03-12 03:52:00	26.624	97.811	0.988938421	57.6
2572236	2022-03-12 03:53:00	27.3751	95.679	0.989350369	56.1
2572254	2022-03-12 03:54:00	26.2292	96.093	0.988487692	53.4
2572356	2022-03-12 03:55:00	26.729	95.968	0.98825522	57.5
2572360	2022-03-12 03:56:00	26.5876	96.109	0.988842101	51.5
2572460	2022-03-12 03:57:00	29.4089	95.728	0.988209321	56.4
2572612	2022-03-12 03:58:00	27.2431	95.877	0.988496688	55.6
2572684	2022-03-12 03:59:00	28.3833	95.896	0.988502535	63
2572710	2022-03-12 04:00:00	27.7783	96.606	0.989337167	55.3
2572744	2022-03-12 04:01:00	26.3266	96.096	0.989036553	56.7
2572878	2022-03-12 04:02:00	27.9689	96.001	0.988946601	47.8
2572910	2022-03-12 04:03:00	26.7474	95.362	0.989151092	55.9
2573000	2022-03-12 04:04:00	27.0059	95.311	0.989091902	24.7
2573084	2022-03-12 04:05:00	26.539	96.916	0.988923777	48.7
2573130	2022-03-12 04:06:00	27.4945	96.063	0.989605085	57.9
2573134	2022-03-12 04:07:00	25.8774	95.57	0.989359422	60.1
2573566	2022-03-12 04:08:00	27.0953	96.041	0.988675378	60.4
2573568	2022-03-12 04:09:00	28.0084	96.709	0.988427399	57.3
2573650	2022-03-12 04:10:00	28.1119	96.954	0.989338276	56.6
2573738	2022-03-12 04:11:00	26.7496	93.615	0.989486578	41.1
2573752	2022-03-12 04:12:00	26.0673	94.263	0.989865721	53.9
2573906	2022-03-12 04:13:00	26.5027	94.947	0.990435659	49.8
2574016	2022-03-12 04:14:00	26.4535	95.372	0.990379531	54.7
2574046	2022-03-12 04:15:00	26.4615	95.048	0.990577943	60.3
2574378	2022-03-12 04:16:00	26.7106	95.889	0.988180323	62.3
