"Serial"	"datetime"	"Number_of_Rotations_1"	"Number_of_Rotations_2"	"Temperature"	"Amplitude"
2511901	2022-03-11 10:00:00	518.44	263.67	29.45	67.88256363
2512181	2022-03-11 10:01:00	495.73	263.24	29.33	67.8918647
2512393	2022-03-11 10:02:00	540.52	279.88	29.39	71.58948661
2512415	2022-03-11 10:03:00	431.63	271.44	29.17	62.80836959
2512473	2022-03-11 10:04:00	530.36	273.49	29.59	71.06710731
2512659	2022-03-11 10:05:00	548.34	277.08	29.55	47.54808034
2512679	2022-03-11 10:06:00	517.07	272.49	29.65	46.7142802
2512837	2022-03-11 10:07:00	515.88	264.99	29.49	59.12708934
2513297	2022-03-11 10:08:00	488.31	280.54	28.84	55.92098417
2513307	2022-03-11 10:09:00	526.09	277.83	28.91	45.97518573
2513311	2022-03-11 10:10:00	473.51	282.15	28.98	65.75045751
2513363	2022-03-11 10:11:00	528.11	273.25	29.08	63.41980319
2513365	2022-03-11 10:12:00	533.28	278.36	29.16	58.76484767
2513371	2022-03-11 10:13:00	547.98	271.2	29.34	71.44407572
2513451	2022-03-11 10:14:00	509.02	273.26	29.21	73.38684367
2513523	2022-03-11 10:15:00	497.02	267.03	29.04	64.62484518
2513881	2022-03-11 10:16:00	470.41	259.77	29.29	57.14728954
2513933	2022-03-11 10:17:00	546.3	265.23	29.52	47.97021951
2514135	2022-03-11 10:18:00	415.89	269.63	29.54	74.1695779
2514215	2022-03-11 10:19:00	508.35	271.15	29.66	52.40233139
2514405	2022-03-11 10:20:00	468.38	264.75	29.43	50.03614575
2514413	2022-03-11 10:21:00	545.9	271.56	29.54	48.87826071
2514505	2022-03-11 10:22:00	569.86	263.55	29.52	65.86192571
2514767	2022-03-11 10:23:00	579.41	270.66	29.32	79.85369268
2514823	2022-03-11 10:24:00	507.71	279.54	29.17	58.82775284
2514847	2022-03-11 10:25:00	486.78	271.62	29.46	60.36138727
2515041	2022-03-11 10:26:00	514.45	271.4	29.46	57.73446696
2515199	2022-03-11 10:27:00	503.67	271.11	29.81	51.19982137
2515215	2022-03-11 10:28:00	591.56	271.58	29.59	30.66112007
2515303	2022-03-11 10:29:00	442.79	273.66	29.16	53.68928906
2515365	2022-03-11 10:30:00	509.56	268.02	29.56	58.04189004
2515495	2022-03-11 10:31:00	471.09	265.26	29.53	73.09110665
2515697	2022-03-11 10:32:00	540.54	264.03	29.53	72.7925904
2515787	2022-03-11 10:33:00	565.29	271.65	29.38	87.46428753
2515981	2022-03-11 10:34:00	579.8	273.74	29.38	69.34358158
2516187	2022-03-11 10:35:00	498.17	277.5	29.42	43.87670861
2516231	2022-03-11 10:36:00	570.1	272.8	28.85	52.08233764
2516253	2022-03-11 10:37:00	568.69	279.95	29.14	36.43332034
2516277	2022-03-11 10:38:00	438.77	273.29	29.18	59.70069375
2516333	2022-03-11 10:39:00	425.74	278.37	29.41	35.37869701
2516365	2022-03-11 10:40:00	523.21	276.91	29.37	54.52256272
2516377	2022-03-11 10:41:00	513.22	273.86	29.53	67.80274468
2516483	2022-03-11 10:42:00	559.49	263.31	29.54	63.24938933
2516489	2022-03-11 10:43:00	511.77	271.3	29.36	68.13490217
2517061	2022-03-11 10:44:00	511.17	276.63	29.14	52.71307305
2517111	2022-03-11 10:45:00	494.09	272.84	29.18	54.31080517
2517113	2022-03-11 10:46:00	420.04	277.31	29.58	75.47247299
2517165	2022-03-11 10:47:00	425.1	273.15	29.06	63.39542783
2517183	2022-03-11 10:48:00	490.18	278.85	29.08	52.83672687
2517187	2022-03-11 10:49:00	452.03	272.91	29.26	89.69876906
2517267	2022-03-11 10:50:00	480.09	271.02	29.28	59.83116513
2517391	2022-03-11 10:51:00	463.47	264.94	29.12	63.11349978
2517431	2022-03-11 10:52:00	501.35	272.33	28.93	30.60574236
2517457	2022-03-11 10:53:00	413.03	266.67	29.19	63.6078004
2517713	2022-03-11 10:54:00	481.39	266.3	29.26	72.85452666
2517863	2022-03-11 10:55:00	506.81	264.8	29.31	56.46978921
2517889	2022-03-11 10:56:00	569.04	271.58	29.42	53.84464865
2517953	2022-03-11 10:57:00	465.64	272.48	29.37	49.14920164
2518071	2022-03-11 10:58:00	488.34	263.69	29.14	49.19084846
2518145	2022-03-11 10:59:00	470.73	273.93	29.32	45.11508215
2518191	2022-03-11 11:00:00	540.12	265.97	29.36	49.79210579
2518231	2022-03-11 11:01:00	507.53	271.39	29.32	63.43495671
2518249	2022-03-11 11:02:00	510.08	265.15	29.26	56.06481698
2518255	2022-03-11 11:03:00	541.82	271.37	29.19	63.65484458
2518279	2022-03-11 11:04:00	475.53	271.91	29.41	60.45643598
2518297	2022-03-11 11:05:00	443.34	272.75	29.3	61.01559615
2518363	2022-03-11 11:06:00	538.3	281.87	29.19	76.53599884
2518421	2022-03-11 11:07:00	505.95	279.97	29.12	39.65701136
2518653	2022-03-11 11:08:00	478.06	276.06	29.46	79.03417876
2518667	2022-03-11 11:09:00	526.17	264.52	29.37	74.85017428
2518853	2022-03-11 11:10:00	538.51	265.08	29.15	82.25819227
2518919	2022-03-11 11:11:00	540.58	267.75	28.92	68.49174484
2518927	2022-03-11 11:12:00	495.71	268.48	29.07	79.45091321
2519059	2022-03-11 11:13:00	468.14	264.32	29.15	64.08033502
2519095	2022-03-11 11:14:00	453.71	260.09	29.23	65.33891117
2519179	2022-03-11 11:15:00	573.31	271.2	29.19	69.19992517
2519697	2022-03-11 11:16:00	485.79	259.02	28.99	66.94697808
2519747	2022-03-11 11:17:00	505.82	279.44	29.15	60.51750428
2519755	2022-03-11 11:18:00	489.81	270.74	29.46	77.95605289
2519783	2022-03-11 11:19:00	527.49	271.42	29.11	68.35531532
2519789	2022-03-11 11:20:00	538.67	278.87	28.9	39.97904583
2519893	2022-03-11 11:21:00	580.98	280.53	28.91	37.2133916
2519937	2022-03-11 11:22:00	534.26	266.94	29.2	78.74697314
2519939	2022-03-11 11:23:00	466.71	265.67	28.74	72.7182561
2519963	2022-03-11 11:24:00	491.85	277.17	28.96	69.46551222
2520409	2022-03-11 11:25:00	524.41	280.15	28.68	69.46924698
2520505	2022-03-11 11:26:00	486.68	271.97	28.64	63.98998596
2520661	2022-03-11 11:27:00	435.98	281.51	28.76	54.48054411
2520743	2022-03-11 11:28:00	450.79	271.16	28.66	48.62796849
2520801	2022-03-11 11:29:00	440.51	273.25	29.15	59.61664509
2520853	2022-03-11 11:30:00	413.1	279.53	28.85	61.19245169
2520987	2022-03-11 11:31:00	469.55	270.55	29.18	73.94763064
2520999	2022-03-11 11:32:00	499.69	269.94	29.24	55.15588347
2521533	2022-03-11 11:33:00	511.28	271.78	29.26	46.91144676
2521623	2022-03-11 11:34:00	536.98	265.88	29.14	73.03032942
2521735	2022-03-11 11:35:00	605.76	272.67	29.36	56.13109984
2521771	2022-03-11 11:36:00	483.83	273.07	29.21	73.39947205
2522183	2022-03-11 11:37:00	433.76	267.51	28.82	70.68493619
2522247	2022-03-11 11:38:00	519.24	278.3	28.7	68.16925684
2522279	2022-03-11 11:39:00	462.12	265.33	28.79	65.63911707
2522431	2022-03-11 11:40:00	524.61	269.19	29.16	63.29432595
2522637	2022-03-11 11:41:00	475.14	265.74	29.14	70.67332894
2522727	2022-03-11 11:42:00	529.4	278.46	29.16	60.93724276
2523079	2022-03-11 11:43:00	469.81	267.13	29.01	57.62608829
2523215	2022-03-11 11:44:00	493.12	266.61	29.53	67.48408342
2523457	2022-03-11 11:45:00	408.35	273.74	28.46	67.24658986
2523493	2022-03-11 11:46:00	509.04	274.05	28.55	64.96993902
2523519	2022-03-11 11:47:00	481.23	274.96	28.59	69.74941737
2523641	2022-03-11 11:48:00	481.64	272	28.7	53.47562254
2523723	2022-03-11 11:49:00	494.17	274.57	28.73	40.40273535
2523729	2022-03-11 11:50:00	529.43	270.23	28.88	48.63210703
2523869	2022-03-11 11:51:00	524.61	280.35	29.02	60.83097871
2523923	2022-03-11 11:52:00	565.49	279.49	28.85	44.88122687
2524177	2022-03-11 11:53:00	407.68	264.73	28.9	45.64078548
2524215	2022-03-11 11:54:00	525	269.87	28.81	51.79473696
2524433	2022-03-11 11:55:00	501.33	265.08	28.99	55.72034918
2524719	2022-03-11 11:56:00	531.6	283.72	29.23	54.19371799
2525457	2022-03-11 11:57:00	501.86	273.96	28.47	63.85397621
2525713	2022-03-11 11:58:00	509.81	280.25	28.72	57.46461034
2525727	2022-03-11 11:59:00	563.82	283.38	28.74	60.9558269
2525771	2022-03-11 12:00:00	497.19	280.39	29	62.8372884
2525931	2022-03-11 12:01:00	479.28	264.65	29.04	55.23951377
2526273	2022-03-11 12:02:00	511.4	263.22	29.56	67.92485429
2526383	2022-03-11 12:03:00	549.43	263.04	29.54	46.88781421
2526643	2022-03-11 12:04:00	583.08	271.44	29.19	49.38393982
2527047	2022-03-11 12:05:00	531.16	263.38	29.28	48.88737956
2527221	2022-03-11 12:06:00	527.85	265.09	29.31	60.38516304
2527649	2022-03-11 12:07:00	478.75	256.44	29.26	72.06299981
2527723	2022-03-11 12:08:00	559.07	268.23	29.64	80.94398726
2528189	2022-03-11 12:09:00	490.21	266.26	29.33	72.35579001
2528323	2022-03-11 12:10:00	513.77	265.44	29.17	65.64370489
2528395	2022-03-11 12:11:00	492.81	267.05	29.38	70.36238157
2528523	2022-03-11 12:12:00	569.29	270.81	29.41	42.74024237
2528845	2022-03-11 12:13:00	579.48	279.69	29.38	60.57444742
2529057	2022-03-11 12:14:00	506.81	272.83	28.71	101.333686
2529073	2022-03-11 12:15:00	530.43	283.47	28.56	66.97843808
2529117	2022-03-11 12:16:00	490.81	279.7	28.59	82.70705406
2529157	2022-03-11 12:17:00	475.32	280.46	28.67	91.24431325
2529203	2022-03-11 12:18:00	517.46	279.34	28.63	69.64948434
2529229	2022-03-11 12:19:00	481.06	266.51	28.74	76.95891765
2529243	2022-03-11 12:20:00	472.39	278.41	28.68	48.28056601
2529257	2022-03-11 12:21:00	594.98	273.48	28.79	94.24377115
2529621	2022-03-11 12:22:00	489.52	266.82	29.55	51.97748354
2529689	2022-03-11 12:23:00	576.54	269.58	29.34	87.07970721
2530189	2022-03-11 12:24:00	556.24	258.86	29.28	59.50721942
2530331	2022-03-11 12:25:00	512.65	268.31	29.37	54.82650853
2530625	2022-03-11 12:26:00	562.98	261.66	29.61	52.16500798
2531407	2022-03-11 12:27:00	590.27	262.28	29.52	44.43745837
2531495	2022-03-11 12:28:00	548.31	264.02	29.12	63.47299092
2531539	2022-03-11 12:29:00	603.84	265.35	29.32	62.23579867
2531557	2022-03-11 12:30:00	503.21	269.41	29.55	59.63308791
2532023	2022-03-11 12:31:00	506.34	264.93	29.05	70.40236278
2532361	2022-03-11 12:32:00	456.71	266.29	29.42	51.61319555
2532517	2022-03-11 12:33:00	536.71	270.31	29.47	50.71594271
2532635	2022-03-11 12:34:00	552.17	271.3	29.42	76.27312264
2532983	2022-03-11 12:35:00	463.68	274.41	28.7	43.3808665
2533235	2022-03-11 12:36:00	567.57	276.84	29.31	53.88461847
2533429	2022-03-11 12:37:00	591.13	264.9	29.42	43.08755765
2533489	2022-03-11 12:38:00	515.21	270.22	29.44	73.15235698
2533563	2022-03-11 12:39:00	507.05	261.69	29.46	70.18756858
2533571	2022-03-11 12:40:00	534.74	269.78	29.22	51.1885695
2533607	2022-03-11 12:41:00	453.22	264.27	29.28	63.63002805
2534145	2022-03-11 12:42:00	577.89	269.84	29.43	46.47161305
2534795	2022-03-11 12:43:00	538.16	268.89	29.72	36.42395447
2535151	2022-03-11 12:44:00	574.82	257.81	29.16	72.63921246
2535267	2022-03-11 12:45:00	492.86	264.35	29.05	58.14988071
2535763	2022-03-11 12:46:00	493.7	270.27	29.48	71.84411231
2536221	2022-03-11 12:47:00	521.37	278.93	29.38	63.84707395
2536289	2022-03-11 12:48:00	568.97	270.96	29.43	56.66622187
2536405	2022-03-11 12:49:00	560.95	286.71	27.56	108.4052243
2536441	2022-03-11 12:50:00	462.41	284.34	27.9	53.9286104
2536531	2022-03-11 12:51:00	507.2	272.92	28.4	93.52392461
2536563	2022-03-11 12:52:00	464.38	274.25	28.6	62.54689924
2536781	2022-03-11 12:53:00	448.53	266.75	28.99	52.9594711
2536799	2022-03-11 12:54:00	495.06	264.63	29.11	75.2424324
2536865	2022-03-11 12:55:00	553.34	264.26	29.1	80.20256959
2536891	2022-03-11 12:56:00	529.01	276.21	29.11	46.71801186
2537073	2022-03-11 12:57:00	593.58	271.18	29.52	62.37145231
2537231	2022-03-11 12:58:00	532.3	270.81	29.2	45.79007163
2537341	2022-03-11 12:59:00	591.59	265.02	29.2	47.77433169
2537387	2022-03-11 13:00:00	476.62	261.03	29.14	69.64094944
2537465	2022-03-11 13:01:00	543.52	265.65	29.05	77.22346805
2537615	2022-03-11 13:02:00	534.1	270.84	29.11	51.36191909
2537623	2022-03-11 13:03:00	554.87	262.12	29.5	81.83574024
2537643	2022-03-11 13:04:00	485.2	269.92	29.27	65.08379162
2537725	2022-03-11 13:05:00	521.34	272.65	29.47	58.2528466
2537843	2022-03-11 13:06:00	513.85	263.07	29.49	64.50017233
2538133	2022-03-11 13:07:00	438.12	264.12	29.21	61.22178265
2538509	2022-03-11 13:08:00	460.68	279.92	29.25	55.10044123
2538893	2022-03-11 13:09:00	492.02	278.59	29.24	53.38709706
2538899	2022-03-11 13:10:00	478.03	274.27	29.02	41.78008534
2538907	2022-03-11 13:11:00	446.12	272.05	29.19	69.46363538
2539029	2022-03-11 13:12:00	499.72	262.76	29.53	70.20476155
2539419	2022-03-11 13:13:00	537.16	272.53	28.99	62.33801359
2539689	2022-03-11 13:14:00	553.24	271.71	29.23	62.04993482
2540221	2022-03-11 13:15:00	528.46	275.61	28.91	75.37325378
2540291	2022-03-11 13:16:00	474.17	272.88	28.68	75.7140668
2540311	2022-03-11 13:17:00	487.85	266.69	28.51	88.00714904
2540317	2022-03-11 13:18:00	561.61	276.52	28.7	72.40559196
2540319	2022-03-11 13:19:00	462.84	278.18	28.69	81.71964574
2540595	2022-03-11 13:20:00	650.49	271.56	29.28	61.13042256
2540755	2022-03-11 13:21:00	577.63	264.45	29.33	69.42758119
2541229	2022-03-11 13:22:00	562.43	267.98	29.59	86.31567
2541325	2022-03-11 13:23:00	501.63	268.83	29.55	48.21600885
2541445	2022-03-11 13:24:00	446.74	270.45	29.45	68.84587229
2541933	2022-03-11 13:25:00	518.16	262.71	29.52	58.84082998
2542035	2022-03-11 13:26:00	507.47	264	29.61	80.67994437
2542253	2022-03-11 13:27:00	569.93	262.49	29.6	36.85232526
2542447	2022-03-11 13:28:00	513.05	265.58	29.42	30.70128183
2542449	2022-03-11 13:29:00	500.06	271.32	29.41	55.34359931
2542499	2022-03-11 13:30:00	564.61	261.31	29.44	55.23541209
2542571	2022-03-11 13:31:00	566.77	264.47	29.25	49.31572122
2542575	2022-03-11 13:32:00	512.28	269.33	29.3	50.90582142
2542689	2022-03-11 13:33:00	465.01	261.04	29.44	49.28851213
2542775	2022-03-11 13:34:00	587.66	268.1	29.57	75.09403535
2542811	2022-03-11 13:35:00	592.22	268.85	29.53	62.10140257
2542965	2022-03-11 13:36:00	588.02	266.2	29.44	61.12431405
2543417	2022-03-11 13:37:00	476.6	259.58	29.11	66.82495735
2543653	2022-03-11 13:38:00	515.6	280.07	28.15	71.07786372
2543675	2022-03-11 13:39:00	505.87	273.99	27.93	70.7583602
2543699	2022-03-11 13:40:00	421.29	281.2	28.44	81.26315223
2543721	2022-03-11 13:41:00	467.64	280.84	28.24	57.04555123
2543773	2022-03-11 13:42:00	548.42	277.54	29.03	78.0604358
2543799	2022-03-11 13:43:00	517.61	272.12	28.96	65.84757843
2544033	2022-03-11 13:44:00	485.37	269.02	28.84	75.69194168
2544061	2022-03-11 13:45:00	518.34	267.55	28.69	77.51253298
2544099	2022-03-11 13:46:00	520.55	262.27	28.81	42.65832395
2544239	2022-03-11 13:47:00	465.51	270.46	28.41	59.73029114
2544403	2022-03-11 13:48:00	465.14	266.7	28.86	60.98312203
2544509	2022-03-11 13:49:00	492.16	269.34	28.58	63.22057771
2544529	2022-03-11 13:50:00	588.3	272.62	28.45	53.41148019
2544701	2022-03-11 13:51:00	486.89	270.42	28.51	35.32282282
2544927	2022-03-11 13:52:00	423.66	269.69	28.6	52.2497316
2544929	2022-03-11 13:53:00	503.7	267.96	28.92	54.3289737
2545135	2022-03-11 13:54:00	453.97	269.08	28.42	50.09669478
2545149	2022-03-11 13:55:00	453.35	265.05	28.51	65.51360539
2545179	2022-03-11 13:56:00	566.77	274.03	28.38	53.15554377
2545201	2022-03-11 13:57:00	436.81	272.57	28.4	33.27631107
2545257	2022-03-11 13:58:00	493.6	264.77	28.4	63.13203508
2545301	2022-03-11 13:59:00	564.14	270.45	28.58	42.74429494
2545437	2022-03-11 14:00:00	503.35	267.28	28.64	52.3351521
2545643	2022-03-11 14:01:00	506.78	270.29	28.42	29.50450347
2545657	2022-03-11 14:02:00	479.63	270.52	28.5	57.45893527
2545749	2022-03-11 14:03:00	445.11	262.71	28.78	54.67898316
2545827	2022-03-11 14:04:00	462.82	263.13	28.64	65.91508513
2545857	2022-03-11 14:05:00	518.36	270.26	28.66	56.43483993
2545993	2022-03-11 14:06:00	429.56	262.67	28.51	53.51577845
2546031	2022-03-11 14:07:00	474.14	270.86	28.94	47.90901593
2546103	2022-03-11 14:08:00	485.96	264.8	28.57	38.52526329
2546253	2022-03-11 14:09:00	527.21	263.1	28.93	68.19856699
2546293	2022-03-11 14:10:00	465.45	269.67	28.72	70.69202507
2546315	2022-03-11 14:11:00	514.04	268.69	29.16	50.77657312
2546439	2022-03-11 14:12:00	513.79	269.33	29	48.99452054
2546443	2022-03-11 14:13:00	447.69	263.78	28.9	58.30997356
2546463	2022-03-11 14:14:00	467.28	268.31	28.77	55.76379848
2546513	2022-03-11 14:15:00	492.7	270.56	28.69	58.68690142
2546523	2022-03-11 14:16:00	523.84	276.85	28.55	28.91464557
2547503	2022-03-11 14:17:00	501.22	264.2	28.45	31.28460837
2547507	2022-03-11 14:18:00	437.77	269.46	28.67	65.85075395
2547525	2022-03-11 14:19:00	504.15	268.29	28.68	43.86295673
2547583	2022-03-11 14:20:00	516.85	272.86	28.59	36.24171247
2547609	2022-03-11 14:21:00	488.61	271.53	28.71	62.96788863
2547697	2022-03-11 14:22:00	546.32	271.16	28.61	63.44144939
2547773	2022-03-11 14:23:00	493.28	260.14	28.7	54.56796702
2547859	2022-03-11 14:24:00	486.68	270.5	28.56	40.8453475
2548199	2022-03-11 14:25:00	475.03	259.65	28.49	56.07143335
2548231	2022-03-11 14:26:00	466.2	270.27	28.51	46.01012019
2548463	2022-03-11 14:27:00	429.27	270.22	28.44	48.06205274
2548489	2022-03-11 14:28:00	444.79	271.19	28.36	50.50697387
2548623	2022-03-11 14:29:00	459.8	263.08	28.61	63.65946209
2548663	2022-03-11 14:30:00	473.1	267.18	28.56	56.00852136
2548715	2022-03-11 14:31:00	458.85	270.77	28.65	52.05370259
2548785	2022-03-11 14:32:00	481.67	263.44	28.58	66.17877823
2548973	2022-03-11 14:33:00	413.68	270.26	28.64	52.67762225
2549023	2022-03-11 14:34:00	516.05	264.39	28.67	64.40260637
2549045	2022-03-11 14:35:00	471	264.75	28.88	64.9141761
2549085	2022-03-11 14:36:00	475.34	272.67	28.89	59.38644077
2549115	2022-03-11 14:37:00	528.77	268.66	28.23	43.15992489
2549201	2022-03-11 14:38:00	508.93	271.16	28.84	56.71772205
2549227	2022-03-11 14:39:00	524.83	263.35	28.52	45.77793981
2549351	2022-03-11 14:40:00	503.4	268.32	28.93	49.18214593
2549371	2022-03-11 14:41:00	456.74	265.34	28.85	55.11045659
2549405	2022-03-11 14:42:00	418.68	274.89	28.85	60.17511242
2549493	2022-03-11 14:43:00	540.26	278.86	28.86	84.57438025
2549771	2022-03-11 14:44:00	517.61	264.99	28.66	57.92695455
2549773	2022-03-11 14:45:00	446.31	275.59	28.96	66.62929669
2550629	2022-03-11 14:46:00	481.67	268.28	28.88	65.95529447
2550657	2022-03-11 14:47:00	480.68	262.25	28.85	47.80153987
2550675	2022-03-11 14:48:00	470.41	275.86	29.05	49.13900908
2550799	2022-03-11 14:49:00	515.44	262.35	28.97	41.96050064
2550857	2022-03-11 14:50:00	498.66	269.84	28.77	66.5443817
2550941	2022-03-11 14:51:00	527.43	263.89	28.9	40.38377879
2550943	2022-03-11 14:52:00	452.74	265.03	28.74	39.8299735
2550969	2022-03-11 14:53:00	508.41	268.61	28.85	55.35218194
2551145	2022-03-11 14:54:00	485.88	271.84	28.94	44.73616207
2551195	2022-03-11 14:55:00	482.4	261.37	29.15	58.41940943
2551213	2022-03-11 14:56:00	576.03	270.56	28.93	47.33808701
2551217	2022-03-11 14:57:00	438.39	264.58	29.06	64.32361599
2551287	2022-03-11 14:58:00	512.31	263.89	29.36	51.13856966
2551297	2022-03-11 14:59:00	448.06	263.86	28.88	60.00830933
2551431	2022-03-11 15:00:00	501.98	264.48	28.86	42.91199022
2551453	2022-03-11 15:01:00	520.33	266.3	28.76	57.71261557
2551523	2022-03-11 15:02:00	529.81	270.49	29.06	60.64387764
2551723	2022-03-11 15:03:00	502.73	269.53	29.21	29.92135281
2551737	2022-03-11 15:04:00	464.99	271.71	28.71	46.90811023
2551927	2022-03-11 15:05:00	509.39	270.37	28.96	75.96644342
2551929	2022-03-11 15:06:00	527.81	263.94	29.15	39.40222864
2552053	2022-03-11 15:07:00	501.32	269.42	28.82	71.42612443
2552067	2022-03-11 15:08:00	450.83	269.55	28.65	28.56644199
2552139	2022-03-11 15:09:00	477.65	265	28.69	60.53551395
2552159	2022-03-11 15:10:00	488.35	270.43	29.1	52.5589341
2552221	2022-03-11 15:11:00	437.12	270.8	28.82	69.07644951
2552271	2022-03-11 15:12:00	502.48	268.95	29.06	50.56578583
2552297	2022-03-11 15:13:00	503.8	263.59	29.18	56.19537921
2552315	2022-03-11 15:14:00	468.67	268.36	29.08	64.48246562
2552317	2022-03-11 15:15:00	535.98	271.24	28.62	37.0810843
2552413	2022-03-11 15:16:00	484.48	270.33	28.72	33.76948655
2552563	2022-03-11 15:17:00	494.07	270.91	28.42	48.57290933
2552611	2022-03-11 15:18:00	450.66	278.31	28.77	75.43598271
2552623	2022-03-11 15:19:00	387.83	273.62	28.8	54.99241976
2552633	2022-03-11 15:20:00	448.42	270.51	28.67	74.64014328
2552655	2022-03-11 15:21:00	483.47	270.19	28.86	46.11910949
2552791	2022-03-11 15:22:00	483.56	271.4	28.78	69.14322073
2552867	2022-03-11 15:23:00	476.52	265.12	28.95	64.15644649
2552883	2022-03-11 15:24:00	485.59	265.2	28.67	54.76620977
2553073	2022-03-11 15:25:00	450.03	269.44	28.89	38.45229905
2553111	2022-03-11 15:26:00	497.48	271.66	29	80.0686887
2553221	2022-03-11 15:27:00	439.49	270.59	28.73	63.39972802
2553371	2022-03-11 15:28:00	464.61	265.68	28.86	57.58457522
2553815	2022-03-11 15:29:00	438.77	274.41	28.56	79.83381451
2553897	2022-03-11 15:30:00	396.64	270.24	28.74	59.7421171
2553931	2022-03-11 15:31:00	484.14	271.59	28.86	74.62240428
2554021	2022-03-11 15:32:00	466.23	272.42	28.51	63.96741604
2554175	2022-03-11 15:33:00	506.99	271.53	28.77	41.78078593
2554179	2022-03-11 15:34:00	450.07	270.88	28.75	71.45476401
2554199	2022-03-11 15:35:00	469.21	270.77	28.76	49.42712359
2554205	2022-03-11 15:36:00	391.77	270.06	28.72	61.05663304
2554209	2022-03-11 15:37:00	363.32	272.7	28.72	62.72248291
2554247	2022-03-11 15:38:00	447.87	271.46	28.61	46.41152167
2554335	2022-03-11 15:39:00	477.98	269.06	28.57	48.3591757
2554379	2022-03-11 15:40:00	455.27	276.1	28.72	68.9200909
2554463	2022-03-11 15:41:00	476.69	275.15	28.59	58.50609164
2554493	2022-03-11 15:42:00	508.93	264.83	28.83	41.45056422
2554531	2022-03-11 15:43:00	466.27	272.74	28.28	53.39244711
2554657	2022-03-11 15:44:00	480.01	263.91	29.03	71.68765779
2554767	2022-03-11 15:45:00	511.4	271.11	29.14	39.85511751
2554783	2022-03-11 15:46:00	498.66	262.88	29.04	49.47452579
2554923	2022-03-11 15:47:00	418.24	269.7	28.6	60.52325965
2555123	2022-03-11 15:48:00	510.37	274.13	28.78	56.60887515
2555127	2022-03-11 15:49:00	519.51	265.61	28.82	42.66321346
2555219	2022-03-11 15:50:00	444.61	271.52	29.02	48.10414812
2555263	2022-03-11 15:51:00	479.57	264.08	28.75	57.86782747
2555303	2022-03-11 15:52:00	532.05	270.98	28.76	57.4122342
2555401	2022-03-11 15:53:00	512.93	271.72	29.05	40.96342483
2555541	2022-03-11 15:54:00	523.78	268.11	29.1	49.76163376
2555561	2022-03-11 15:55:00	489.84	262.48	29.04	57.89054916
2555579	2022-03-11 15:56:00	436.42	264.96	28.89	54.80656447
2555639	2022-03-11 15:57:00	435.7	263.45	28.91	60.51563862
2555671	2022-03-11 15:58:00	445.34	276.36	28.58	31.02337823
2555719	2022-03-11 15:59:00	487.9	277.09	28.83	47.4984893
2555743	2022-03-11 16:00:00	517	265.09	29.21	70.2779427
2555757	2022-03-11 16:01:00	512.25	264.77	28.8	60.52072117
2555759	2022-03-11 16:02:00	470.83	256.98	28.8	59.42191091
2555787	2022-03-11 16:03:00	511.58	277.38	29	67.4626085
2555821	2022-03-11 16:04:00	506.52	263.18	28.7	57.16380216
2555909	2022-03-11 16:05:00	450.91	270.57	28.5	40.18091385
2555959	2022-03-11 16:06:00	513.42	270.35	28.75	50.11080716
2556063	2022-03-11 16:07:00	509.72	265.25	28.9	57.9969661
2556101	2022-03-11 16:08:00	518.49	270.69	29.16	45.19609138
2556115	2022-03-11 16:09:00	446	272.65	28.47	45.93628491
2556163	2022-03-11 16:10:00	491.05	272.26	28.72	53.11962061
2556323	2022-03-11 16:11:00	462.14	267.57	28.62	50.38354117
2556341	2022-03-11 16:12:00	457.93	274.47	28.81	51.1941764
2556355	2022-03-11 16:13:00	491.35	272	28.94	64.37007491
2556407	2022-03-11 16:14:00	457.37	271.53	28.93	65.67995218
2556491	2022-03-11 16:15:00	437.09	271.95	28.95	61.73939532
2556579	2022-03-11 16:16:00	511.56	265.46	28.72	60.85267006
2556699	2022-03-11 16:17:00	499.94	266.3	28.69	61.15605619
2556719	2022-03-11 16:18:00	482.75	273.47	28.64	42.10568619
2556729	2022-03-11 16:19:00	488.7	271.16	28.85	40.63870067
2556965	2022-03-11 16:20:00	433.2	265.52	28.98	64.22952463
2557011	2022-03-11 16:21:00	463.74	264.25	28.84	58.89879416
2557203	2022-03-11 16:22:00	445.69	256.41	28.84	55.82383183
2557353	2022-03-11 16:23:00	418.97	273.29	29.2	58.12282519
2557359	2022-03-11 16:24:00	470.24	265.37	28.6	64.7678556
2558594	2022-03-11 16:25:00	430.42	266.09	28.61	67.5545537
2558726	2022-03-11 16:26:00	495.33	272.23	28.68	67.27504915
2558804	2022-03-11 16:27:00	496.59	273.28	28.5	35.07259023
2558850	2022-03-11 16:28:00	474.11	272.72	28.63	79.43116483
2559006	2022-03-11 16:29:00	442.93	274.63	28.39	44.3676436
2559058	2022-03-11 16:30:00	481.94	272.93	28.57	49.00552551
2559232	2022-03-11 16:31:00	435.25	277.51	28.68	47.55581677
2559298	2022-03-11 16:32:00	454.68	278.27	28.9	59.66479296
2559312	2022-03-11 16:33:00	435.54	260.76	28.72	38.22393897
2559330	2022-03-11 16:34:00	480.08	261.81	28.74	40.9411556
2559520	2022-03-11 16:35:00	459.87	265.61	28.81	47.4811863
2559526	2022-03-11 16:36:00	418.11	266.7	28.86	37.15279569
2559594	2022-03-11 16:37:00	477.18	276.42	28.7	43.27111831
2559612	2022-03-11 16:38:00	466.86	270.65	28.46	43.32042664
2559910	2022-03-11 16:39:00	440.99	272.14	28.85	48.04787427
2559936	2022-03-11 16:40:00	442.35	266.72	28.97	68.30725311
2559974	2022-03-11 16:41:00	472.54	268.75	28.67	43.91368417
2560068	2022-03-11 16:42:00	415.95	270.92	28.9	52.53880034
2560176	2022-03-11 16:43:00	436.78	258.36	28.83	48.8630029
2560196	2022-03-11 16:44:00	501.9	269.03	29.29	45.74922823
2560202	2022-03-11 16:45:00	532.38	273.62	28.7	45.72215173
2560264	2022-03-11 16:46:00	443.33	276.66	28.99	50.46095858
2560836	2022-03-11 16:47:00	408.1	278.63	28.69	46.99122803
2560854	2022-03-11 16:48:00	480.14	260.56	28.44	46.44057094
2561056	2022-03-11 16:49:00	497.94	265.11	28.76	50.60091315
2561060	2022-03-11 16:50:00	459.1	273.12	28.55	57.75715557
2561148	2022-03-11 16:51:00	450.48	279.01	28.3	51.45085329
2561304	2022-03-11 16:52:00	413.65	267.27	28.9	55.77934043
2561346	2022-03-11 16:53:00	289.13	272.96	28.98	57.00743946
2561404	2022-03-11 16:54:00	512.34	278.81	28.75	44.68113084
2561458	2022-03-11 16:55:00	461.97	273.28	28.9	59.29860258
2561490	2022-03-11 16:56:00	493.31	273.39	28.94	70.32558029
2561658	2022-03-11 16:57:00	466.43	272.56	28.89	74.86751285
2561690	2022-03-11 16:58:00	479.88	265.75	28.87	53.83518764
2561738	2022-03-11 16:59:00	439.93	264.71	28.78	76.79836637
2561788	2022-03-11 17:00:00	491.39	272.75	28.92	77.66205083
2561798	2022-03-11 17:01:00	442.74	271.67	28.92	61.90571663
2561850	2022-03-11 17:02:00	500.34	266.82	29.03	64.30114764
2561918	2022-03-11 17:03:00	452.08	265.31	28.96	68.99431921
2561970	2022-03-11 17:04:00	480.24	278.05	28.95	57.17711064
2562370	2022-03-11 17:05:00	460.25	278.93	28.54	56.39636237
2562416	2022-03-11 17:06:00	485.69	273.77	28.57	60.13998619
2562648	2022-03-11 17:07:00	386.58	281.46	28.73	65.73910586
2562882	2022-03-11 17:08:00	513.04	266.3	28.82	45.13742703
2562886	2022-03-11 17:09:00	478.45	277.38	28.95	43.24354101
2563182	2022-03-11 17:10:00	480.29	265.92	28.91	65.39112411
2563226	2022-03-11 17:11:00	428.44	265.31	28.98	70.94684065
2563290	2022-03-11 17:12:00	471.74	269.55	29.16	59.76496508
2563292	2022-03-11 17:13:00	456.14	271.41	28.87	57.37373908
2563310	2022-03-11 17:14:00	429.3	266.24	28.65	63.07675994
2563410	2022-03-11 17:15:00	391.95	277.54	28.96	57.93494227
2563432	2022-03-11 17:16:00	410.52	267.94	28.89	49.21120405
2563522	2022-03-11 17:17:00	435.25	273.35	29.09	46.59201869
2563566	2022-03-11 17:18:00	465.21	265.77	28.78	56.76566961
2563694	2022-03-11 17:19:00	388.71	278.61	29.01	69.78052966
2563704	2022-03-11 17:20:00	469.51	277.63	28.72	63.57927583
2563802	2022-03-11 17:21:00	508.63	264.34	28.91	54.54198163
2563804	2022-03-11 17:22:00	431.1	258.02	28.86	36.12858753
2563832	2022-03-11 17:23:00	441.51	269.25	28.95	56.38372481
2563874	2022-03-11 17:24:00	516.06	258.78	28.76	64.96851988
2563896	2022-03-11 17:25:00	490.31	276.94	29.07	48.19363417
2563926	2022-03-11 17:26:00	450.74	262.96	28.89	80.32585289
2563946	2022-03-11 17:27:00	420.26	270.87	29.09	63.92186417
2563954	2022-03-11 17:28:00	453.17	277.77	28.93	62.91886791
2563960	2022-03-11 17:29:00	489.28	269.82	28.81	25.88038587
2563968	2022-03-11 17:30:00	408.09	277.57	29.11	20.114465
2564108	2022-03-11 17:31:00	504.31	265.14	28.69	54.10741657
2564124	2022-03-11 17:32:00	466.95	265.19	28.85	68.98233363
2564312	2022-03-11 17:33:00	485.75	260.66	28.93	54.58706577
2564608	2022-03-11 17:34:00	483.1	267.81	28.66	51.61251083
2564614	2022-03-11 17:35:00	443.45	264.76	28.59	64.97352148
2564630	2022-03-11 17:36:00	523.15	279.23	28.89	41.57154067
2564874	2022-03-11 17:37:00	399.77	266.06	28.73	76.78804254
2564916	2022-03-11 17:38:00	500.25	275.23	28.44	40.86224591
2565188	2022-03-11 17:39:00	450.1	267.97	28.92	66.35415856
2565220	2022-03-11 17:40:00	502.63	280.13	28.71	48.05162018
2565270	2022-03-11 17:41:00	526.32	277.72	28.99	42.91036144
2565296	2022-03-11 17:42:00	383.08	265.3	28.79	47.97311662
2565320	2022-03-11 17:43:00	515.47	266.28	28.88	51.25668996
2565334	2022-03-11 17:44:00	422.14	273.3	28.76	50.83808476
2565422	2022-03-11 17:45:00	530.7	271.62	28.96	59.60881096
2565478	2022-03-11 17:46:00	470.39	271.55	29.26	63.84842304
2565686	2022-03-11 17:47:00	436.3	266.49	28.9	76.57187406
2565726	2022-03-11 17:48:00	392.95	278.82	28.78	54.59400614
2565784	2022-03-11 17:49:00	496.62	277.95	29.09	73.92545308
2566020	2022-03-11 17:50:00	460.67	271.33	28.91	53.81457862
2566162	2022-03-11 17:52:00	507.74	269.83	28.64	56.9559951
2566172	2022-03-11 17:53:00	446.93	279.59	28.93	62.28277469
2566242	2022-03-11 17:54:00	478.71	265.9	28.95	68.30281702
2566262	2022-03-11 17:55:00	493.02	266.45	29.22	69.94274144
2566834	2022-03-11 17:56:00	395.5	277.42	28.66	71.9889485
2566916	2022-03-11 17:57:00	460.12	272.48	29.05	54.92162254
2566964	2022-03-11 17:58:00	383.23	267.43	29.14	50.55889557
2567308	2022-03-11 18:01:00	393.66	274.4	28.81	47.05652433
2567342	2022-03-11 18:02:00	468.74	266.38	28.9	68.09565423
2567426	2022-03-11 18:03:00	418.49	272.62	28.77	43.07391568
2567454	2022-03-11 18:04:00	461.86	271.57	28.78	60.43608345
2567488	2022-03-11 18:05:00	450.93	273.2	28.84	51.41687338
2567728	2022-03-11 18:06:00	452.16	270.71	28.9	34.5321053
2567730	2022-03-11 18:07:00	402.15	264.81	28.84	21.44975427
2567850	2022-03-11 18:08:00	404.72	271.47	29.13	49.18791939
2567902	2022-03-11 18:09:00	479.47	263.99	29	59.72855826
2568032	2022-03-11 18:10:00	492.44	267.23	28.97	39.07048786
2568482	2022-03-11 18:11:00	453.18	264.7	28.99	75.00582329
2569060	2022-03-11 18:12:00	437.2	269.75	28.95	72.10987449
2569294	2022-03-11 18:13:00	496.3	266.51	29.02	61.56393735
2569318	2022-03-11 18:14:00	462.34	264.74	29.07	51.55324854
2569456	2022-03-11 18:15:00	415.52	272.03	29.01	49.95812345
2569488	2022-03-11 18:16:00	506.72	266.24	28.81	40.8775147
2569668	2022-03-11 18:17:00	526.99	272.55	28.85	54.20701661
2569806	2022-03-11 18:18:00	485.72	272.28	29.16	62.13301082
2569894	2022-03-11 18:19:00	447.1	283.77	28.96	65.51986925
2569898	2022-03-11 18:20:00	416.2	270.86	28.79	52.97171924
2569976	2022-03-11 18:21:00	496.98	263.48	28.88	68.83599413
2571556	2022-03-11 18:22:00	439.56	265.41	28.78	53.855639
2571676	2022-03-11 18:23:00	419.98	265.21	28.75	61.07051458
2572000	2022-03-11 18:24:00	442.1	264.57	28.89	50.56079751
2572160	2022-03-11 18:25:00	372.01	273.73	28.53	47.47215892
2572472	2022-03-11 18:26:00	476.45	272.78	28.98	52.83623795
2572734	2022-03-11 18:27:00	427.25	271.45	28.89	59.09939831
2572932	2022-03-11 18:28:00	448.9	265.13	29.06	70.46013776
2573012	2022-03-11 18:29:00	470.51	271.38	28.72	58.80441648
2573108	2022-03-11 18:30:00	380.98	271.79	28.88	60.99726478
2573588	2022-03-11 18:31:00	434.53	270.8	28.88	52.08046356
2574092	2022-03-11 18:32:00	442.02	265.66	29.01	53.69253115
2574224	2022-03-11 18:33:00	441.75	273.76	29	57.19783115
2574228	2022-03-11 18:34:00	390.85	273.09	29.05	51.33248492
2574274	2022-03-11 18:35:00	487.99	275.73	28.75	38.57134856
2574338	2022-03-11 18:36:00	465.89	267.18	28.64	55.83617109
2574392	2022-03-11 18:37:00	473.5	271.8	29	48.53473712
2574412	2022-03-11 18:38:00	462.42	279.61	28.95	72.68123316
2502823	2022-03-11 18:39:00	515.55	276.49	28.88	74.12363168
2502855	2022-03-11 18:40:00	504.71	272.47	28.69	67.76263007
2502923	2022-03-11 18:41:00	521.71	262.51	28.47	55.51523778
2502935	2022-03-11 18:42:00	542.67	267.58	28.47	61.40072158
2502967	2022-03-11 18:43:00	477.73	268.7	28.34	68.25783168
2503045	2022-03-11 18:44:00	560.65	272.26	28.43	58.43244411
2503125	2022-03-11 18:45:00	484.64	265.84	28.71	65.20370851
2503127	2022-03-11 18:46:00	530.65	265.37	29.12	75.95157906
2503137	2022-03-11 18:47:00	426.28	279	28.79	50.00153222
2503141	2022-03-11 18:48:00	449.54	274.02	29.04	44.90279114
2503197	2022-03-11 18:49:00	531.19	268.97	28.73	61.04644331
2503345	2022-03-11 18:50:00	497.19	278.85	28.82	55.67118885
2503417	2022-03-11 18:51:00	481.03	279.25	29.01	59.7926457
2503431	2022-03-11 18:52:00	441.8	270.12	29.12	80.10071924
2503603	2022-03-11 18:53:00	526.13	279.23	29.02	63.75996858
2503659	2022-03-11 18:54:00	444.38	270.23	29.13	59.3108081
2503847	2022-03-11 18:55:00	490.89	267.28	28.89	59.6182649
2503879	2022-03-11 18:56:00	458.72	266.47	29.03	71.52674409
2503951	2022-03-11 18:57:00	536.35	272.01	29.18	58.16989326
2503981	2022-03-11 18:58:00	506.59	266.82	28.78	49.15795133
2504245	2022-03-11 18:59:00	559.6	272.61	28.93	71.61431457
2504319	2022-03-11 19:00:00	525.65	260.75	29.24	80.80825672
2504339	2022-03-11 19:01:00	587.66	277.59	29.15	62.41176331
2504363	2022-03-11 19:02:00	458.01	278.04	28.95	79.33837228
2504397	2022-03-11 19:03:00	628.83	265.8	28.99	75.59263202
2504419	2022-03-11 19:04:00	496.76	277.24	28.93	54.89428554
2504623	2022-03-11 19:05:00	490.14	272.19	28.9	65.25319147
2504871	2022-03-11 19:06:00	548.7	273.58	29.11	55.41215945
2504923	2022-03-11 19:07:00	492.52	272.95	29.19	59.92660027
2504955	2022-03-11 19:08:00	490.42	274.81	29.1	35.91486385
2505025	2022-03-11 19:09:00	536.41	277.69	28.8	58.84515616
2505213	2022-03-11 19:10:00	487.9	279.88	29.17	59.20858174
2505321	2022-03-11 19:11:00	507.07	271.21	29.07	57.64835245
2505357	2022-03-11 19:12:00	522.27	273.1	28.96	48.26020571
2505579	2022-03-11 19:13:00	535.86	273.3	28.94	66.25148239
2505761	2022-03-11 19:14:00	347.17	282.96	27.44	54.78772939
2505877	2022-03-11 19:15:00	417.91	275.12	28.36	57.33696685
2506189	2022-03-11 19:16:00	526.42	264.83	29.13	56.3785316
2506211	2022-03-11 19:17:00	517.03	271.79	29.1	57.38932753
2506331	2022-03-11 19:18:00	519.75	274.08	29.05	72.2668051
2506355	2022-03-11 19:19:00	547.41	273.1	28.99	51.70623283
2506405	2022-03-11 19:20:00	509.84	267.02	29.17	81.76157629
2506577	2022-03-11 19:21:00	547.07	280.42	29.3	62.33445615
2506697	2022-03-11 19:22:00	539.56	275.57	29.32	71.35530995
2506701	2022-03-11 19:23:00	588.13	270.96	29.74	64.45180429
2506907	2022-03-11 19:24:00	567.61	274.59	29.48	56.72285093
2507039	2022-03-11 19:25:00	549.59	266.28	29.11	77.19814749
2507237	2022-03-11 19:26:00	549.09	265.82	29.29	76.94272937
2507245	2022-03-11 19:27:00	540.33	278.54	29.06	75.42711029
2507283	2022-03-11 19:28:00	501.55	263.81	29.3	77.41545151
2507393	2022-03-11 19:29:00	550.81	279.19	29.31	50.48340737
2507523	2022-03-11 19:30:00	486.38	273.05	29.63	67.16230473
2507639	2022-03-11 19:31:00	608.44	271.09	29.69	70.22525646
2507831	2022-03-11 19:32:00	584.78	263.34	29.61	55.26651712
2508007	2022-03-11 19:33:00	525.39	269.2	29.77	71.59802177
2508087	2022-03-11 19:34:00	624.71	264.9	29.97	71.32525933
2508109	2022-03-11 19:35:00	540.41	265.73	29.85	76.33913522
2508207	2022-03-11 19:36:00	577.9	272.39	29.68	70.55799022
2508495	2022-03-11 19:37:00	584.43	265.04	29.77	76.33298236
2508527	2022-03-11 19:38:00	562.51	270.93	29.45	54.71052855
2508749	2022-03-11 19:39:00	548.09	270.09	29.56	66.88888524
2509031	2022-03-11 19:40:00	576.16	269.79	29.47	61.69564608
2509475	2022-03-11 19:40:00	436.16	280.83	28.81	76.82003579
2509535	2022-03-11 19:41:00	511.78	273.32	28.77	62.97771325
2509867	2022-03-11 19:42:00	568.05	265.43	29.54	71.6807996
2509967	2022-03-11 19:43:00	546.18	276.08	29.45	72.73244464
2510045	2022-03-11 19:44:00	588.05	276.96	29.6	71.32348715
2510051	2022-03-11 19:45:00	494.1	277.34	29.12	73.9890656
2510239	2022-03-11 19:46:00	570.59	264.05	29.79	48.21368073
2510283	2022-03-11 19:47:00	590.42	267.42	29.65	58.54927526
2510303	2022-03-11 19:48:00	448.56	270.63	29.58	73.10369929
2510643	2022-03-11 19:49:00	583.36	264.45	29.33	57.6820582
2510835	2022-03-11 19:50:00	542.32	271.24	29.59	72.07152383
2510981	2022-03-11 19:51:00	533.59	270.08	29.61	62.39478672
2510987	2022-03-11 19:52:00	549.77	262.78	29.63	72.03886004
2511017	2022-03-11 19:53:00	553.26	272.36	29.67	55.60750823
2511323	2022-03-11 19:54:00	508.02	258.47	29.49	66.27641521
2511455	2022-03-11 19:55:00	536.07	257.67	29.68	63.24149807
2511545	2022-03-11 19:56:00	552.64	269.68	29.65	63.34209803
2511747	2022-03-11 19:57:00	NA	275.82	29.7	58.30432484
2511795	2022-03-11 19:58:00	602.72	271.07	29.89	64.57044599
2511853	2022-03-11 19:59:00	524.86	268.92	29.56	66.99679273
2511917	2022-03-11 20:00:00	531.19	270.06	29.48	67.2385966
2512127	2022-03-11 20:01:00	567.93	278.44	29.63	49.0013143
2512603	2022-03-11 20:02:00	535.67	267.87	29.62	83.6029756
2512827	2022-03-11 20:03:00	564.11	271.18	29.79	62.28139708
2512877	2022-03-11 20:04:00	470.51	272.82	29.64	72.94233058
2512895	2022-03-11 20:05:00	580.43	271.15	29.59	60.3069485
2512955	2022-03-11 20:06:00	554.75	264.71	29.39	51.89919939
2513079	2022-03-11 20:07:00	448.72	282.27	28.31	91.35895778
2513117	2022-03-11 20:08:00	481.75	275.76	28.18	66.19698881
2513145	2022-03-11 20:09:00	298.54	283.12	28.37	87.72380718
2513175	2022-03-11 20:10:00	444.55	279.27	28.64	53.02005779
2513419	2022-03-11 20:11:00	566.01	264.98	29.16	77.54880942
2513435	2022-03-11 20:12:00	474.7	279.81	28.9	52.0350682
2513617	2022-03-11 20:13:00	482.27	265	29.19	73.67834854
2513917	2022-03-11 20:14:00	594.3	264.89	29.27	71.04881926
2514043	2022-03-11 20:15:00	567.03	271.23	29.37	63.69586479
2514111	2022-03-11 20:16:00	539.29	259.66	29.68	77.57304832
2514191	2022-03-11 20:17:00	528.91	271.88	29.57	74.24385326
2514399	2022-03-11 20:18:00	562.49	271.7	29.43	60.49077462
2514609	2022-03-11 20:19:00	500.71	278.08	29.41	68.82503597
2515057	2022-03-11 20:20:00	513.97	265.07	29.14	64.66152563
2515511	2022-03-11 20:21:00	556.03	265.13	29.78	78.74489322
2515859	2022-03-11 20:22:00	507.98	270.45	29.35	43.89124209
2515929	2022-03-11 20:23:00	542.25	270.9	29.56	47.94237845
2516149	2022-03-11 20:24:00	532.08	271.87	29.4	66.05438272
2516299	2022-03-11 20:25:00	493.82	267.25	29.45	70.83565968
2516339	2022-03-11 20:26:00	497.51	272.97	29.46	41.71979806
2516575	2022-03-11 20:27:00	382.17	288.38	27.63	81.18198081
2516617	2022-03-11 20:28:00	371.94	272.08	28.04	82.01518549
2516637	2022-03-11 20:29:00	375	280.63	28.09	66.81467569
2516815	2022-03-11 20:30:00	423.11	275.05	28.6	68.4589337
2516941	2022-03-11 20:31:00	454.85	275.42	28.45	61.13976355
2517151	2022-03-11 20:32:00	547.8	268.27	29.06	78.73853199
2517245	2022-03-11 20:33:00	539.08	278.68	29.15	58.62988987
2517373	2022-03-11 20:34:00	477.43	277.8	28.79	56.8764078
2517437	2022-03-11 20:35:00	498.51	278.71	29.23	70.00631226
2517521	2022-03-11 20:36:00	482.02	265.46	29.02	72.08611732
2517523	2022-03-11 20:37:00	467.59	274.3	29.29	63.98098703
2517887	2022-03-11 20:38:00	479.35	271.44	29.03	62.43683663
2517965	2022-03-11 20:39:00	542.55	272.77	29.29	38.04100106
2518193	2022-03-11 20:40:00	510.64	266.57	29.1	41.98125119
2518725	2022-03-11 20:41:00	543.67	267.56	29.38	65.64580785
2518865	2022-03-11 20:42:00	529.21	263.98	29.33	50.87553024
2518907	2022-03-11 20:43:00	560.02	266.18	28.94	46.42829803
2518915	2022-03-11 20:44:00	498.69	272.52	28.9	59.52370831
2519019	2022-03-11 20:45:00	566.91	272.28	29.31	64.30613621
2519175	2022-03-11 20:46:00	512.58	271.75	29.07	68.00641185
2519185	2022-03-11 20:47:00	535.75	265.41	29.11	69.45216755
2519373	2022-03-11 20:48:00	463.35	268.35	28.89	51.60483298
2519483	2022-03-11 20:49:00	492.64	279.33	29.17	71.44461182
2519967	2022-03-11 20:50:00	435.83	278.53	29.02	67.56674742
2520055	2022-03-11 20:51:00	462.99	271.11	28.92	71.39429557
2520157	2022-03-11 20:52:00	327.09	277.43	27.64	87.25557388
2520159	2022-03-11 20:53:00	405.41	284.65	27.7	82.86606051
2520177	2022-03-11 20:54:00	406.47	275.93	27.71	55.18784849
2520219	2022-03-11 20:55:00	415.8	290.94	27.87	86.166038
2520255	2022-03-11 20:56:00	450.7	275.14	27.97	72.79754071
2520485	2022-03-11 20:57:00	508.57	273.93	28.89	76.06089168
2520619	2022-03-11 20:58:00	525.97	273.05	28.66	73.96772887
2520753	2022-03-11 20:59:00	534.23	267.48	28.94	52.2721753
2520859	2022-03-11 21:00:00	471.02	278.58	29.03	45.52008401
2521729	2022-03-11 21:01:00	566.74	276.66	29.36	49.86902194
2521865	2022-03-11 21:02:00	413.52	289.9	27.85	81.19425044
2521921	2022-03-11 21:03:00	316.37	296.71	27.91	70.60009289
2521987	2022-03-11 21:04:00	508.27	278.86	28.43	86.22717024
2522071	2022-03-11 21:05:00	469.32	281.96	28.26	71.69986767
2522079	2022-03-11 21:06:00	458.58	279.75	28.6	59.12086156
2522419	2022-03-11 21:07:00	542.7	264.9	28.96	72.06810113
2522427	2022-03-11 21:08:00	499.22	273.73	28.99	73.9397983
2522593	2022-03-11 21:09:00	566.59	277.54	29.21	65.83505154
2522659	2022-03-11 21:10:00	483.91	273.48	28.9	59.23112808
2522845	2022-03-11 21:11:00	525.32	278.72	28.95	53.76187289
2523069	2022-03-11 21:12:00	510.99	271.63	29.16	77.26953791
2523071	2022-03-11 21:13:00	479.07	264.77	29.34	58.76989636
2523879	2022-03-11 21:14:00	534.38	260.63	28.97	59.88487844
2524131	2022-03-11 21:15:00	516.69	279.16	28.7	45.03803118
2524731	2022-03-11 21:16:00	549.77	265.15	29.05	75.35920594
2524951	2022-03-11 21:17:00	556.98	270.32	29.22	55.7403992
2525121	2022-03-11 21:18:00	349.19	289.11	27.48	82.52954421
2525131	2022-03-11 21:19:00	452.3	277.8	27.57	59.20446849
2525151	2022-03-11 21:20:00	368.81	274.96	27.82	75.28659743
2525183	2022-03-11 21:21:00	400.27	278.91	27.62	48.54964397
2525355	2022-03-11 21:22:00	422.38	272.48	28.35	78.07204314
2525363	2022-03-11 21:23:00	480.96	273.28	28.15	61.32215911
2525499	2022-03-11 21:24:00	529.07	281.95	28.37	62.88276029
2525619	2022-03-11 21:25:00	497.45	274.32	28.24	56.59030583
2525941	2022-03-11 21:26:00	586.18	265.51	29.03	61.59850117
2526157	2022-03-11 21:27:00	611.19	271.87	28.97	74.12476697
2526451	2022-03-11 21:28:00	520.94	265.67	29.33	46.2999318
2526885	2022-03-11 21:29:00	618.69	270.74	29.6	64.13027515
2527027	2022-03-11 21:30:00	477.86	270.72	29.46	61.5805958
2527535	2022-03-11 21:31:00	559.32	263.15	29.45	67.77379766
2527623	2022-03-11 21:32:00	546.37	270.85	29.4	48.79665281
2528315	2022-03-11 21:33:00	572.53	271.64	29.67	66.25302701
2528347	2022-03-11 21:34:00	572.23	277.48	29.32	90.26979575
2528407	2022-03-11 21:35:00	588.12	272.31	29.33	58.45339017
2528687	2022-03-11 21:36:00	429.22	264.57	29.33	67.84980454
2529253	2022-03-11 21:37:00	456.97	274.48	28.92	63.5020595
2529331	2022-03-11 21:38:00	540.95	273.6	29.17	62.99216589
2529377	2022-03-11 21:39:00	478.17	264.98	29.14	71.55443761
2529413	2022-03-11 21:40:00	519.15	273.22	29.34	59.85744107
2529741	2022-03-11 21:41:00	492.5	276.72	29.26	67.6333639
2529787	2022-03-11 21:42:00	541.09	271.6	29.32	51.74989385
2530109	2022-03-11 21:43:00	560.28	276.51	29.53	48.98053966
2530309	2022-03-11 21:44:00	525.41	264.88	29.33	62.50896572
2530853	2022-03-11 21:45:00	637.04	275.75	29.58	28.61320502
2530939	2022-03-11 21:46:00	574.75	258.16	29.8	80.86824715
2531231	2022-03-11 21:47:00	594.51	271.01	29.68	47.65691428
2531285	2022-03-11 21:48:00	453.35	275.39	29.61	63.67373443
2531581	2022-03-11 21:49:00	557.84	278.61	29.54	62.28182101
2531621	2022-03-11 21:50:00	504.58	263.33	29.32	59.64574859
2532055	2022-03-11 21:51:00	510.45	276.66	29.47	69.51641296
2532351	2022-03-11 21:52:00	436.87	270.55	29.11	53.93623754
2532835	2022-03-11 21:53:00	458	280.46	27.94	89.73044879
2532841	2022-03-11 21:54:00	461.62	283.12	28.28	74.1733503
2532847	2022-03-11 21:55:00	424.63	287.15	28.07	77.90419533
2532927	2022-03-11 21:56:00	459.89	280.9	28.42	70.35837836
2532959	2022-03-11 21:57:00	466.26	267.51	28.6	63.43436344
2532977	2022-03-11 21:58:00	470.61	273.6	28.66	59.23531464
2533155	2022-03-11 21:59:00	491.66	273.24	28.95	74.99065654
2533173	2022-03-11 22:00:00	541.44	277.83	29.11	50.13309114
2533249	2022-03-11 22:01:00	531.07	279.02	28.99	55.00171197
2533427	2022-03-11 22:02:00	477.38	275.86	29.46	70.74832025
2533923	2022-03-11 22:03:00	589.53	271.48	29.26	62.63799222
2533975	2022-03-11 22:04:00	590.25	270.67	29.56	67.44056354
2533985	2022-03-11 22:05:00	574.86	269.22	29.56	63.25281085
2534423	2022-03-11 22:06:00	474.8	271.15	29.27	49.82562441
2534653	2022-03-11 22:07:00	610.35	267.26	29.72	59.3466685
2534903	2022-03-11 22:08:00	587.35	269.83	29.55	41.26620616
2534935	2022-03-11 22:09:00	565.34	265.06	29.42	45.08450456
2535155	2022-03-11 22:10:00	511.4	263.75	29.67	68.90105931
2535215	2022-03-11 22:11:00	587.57	263.79	29.35	53.07289638
2535253	2022-03-11 22:12:00	420.67	267.36	29.63	51.58701869
2535351	2022-03-11 22:13:00	548.98	270.76	29.4	44.7600082
2535379	2022-03-11 22:14:00	495.82	265.34	29.15	37.56049589
2536029	2022-03-11 22:15:00	566.79	271.99	29.31	59.43632821
2536193	2022-03-11 22:16:00	561.53	278.21	29.23	45.07509428
2536609	2022-03-11 22:17:00	365.99	280.17	28.43	74.64668151
2536937	2022-03-11 22:18:00	510.46	265.14	29.1	56.80450808
2537029	2022-03-11 22:19:00	515.82	268.99	29.64	58.34908171
2537161	2022-03-11 22:20:00	553.79	271.28	29.27	52.19706941
2537323	2022-03-11 22:21:00	574.24	270.9	29.36	63.53702973
2537347	2022-03-11 22:22:00	576.19	283.37	29.17	39.13366188
2538165	2022-03-11 22:23:00	589.52	272	29.11	35.74576536
2539067	2022-03-11 22:24:00	603.68	263.42	29.26	54.80475933
2539069	2022-03-11 22:25:00	475.3	276.22	29.45	62.65952663
2539341	2022-03-11 22:26:00	523.55	269.97	29.57	76.0865189
2539427	2022-03-11 22:27:00	510.3	279.31	29.32	44.60629107
2539675	2022-03-11 22:28:00	578.36	270.53	29.49	74.42194226
2540087	2022-03-11 22:29:00	401.57	282.12	27.67	95.60715546
2540153	2022-03-11 22:30:00	496.23	280.2	28.15	80.68802518
2540159	2022-03-11 22:31:00	478.08	272.03	28.21	73.77514954
2540233	2022-03-11 22:32:00	510.65	273.32	28.5	89.92905225
2540369	2022-03-11 22:33:00	504.48	273.91	28.87	52.93398069
2540549	2022-03-11 22:34:00	554.62	273.56	29.16	45.03421066
2540763	2022-03-11 22:35:00	561.26	265.59	28.97	52.60240232
2540775	2022-03-11 22:36:00	576.73	263.06	29.14	58.63169456
2540935	2022-03-11 22:37:00	558.6	274.45	29.34	69.05980589
2541111	2022-03-11 22:38:00	595.88	269.41	29.68	60.1984869
2541251	2022-03-11 22:39:00	556.75	270.09	29.51	60.25907561
2541283	2022-03-11 22:40:00	549.25	275.28	29.57	51.84367103
2541367	2022-03-11 22:41:00	619.92	264.7	29.42	53.89191962
2541987	2022-03-11 22:42:00	503.29	268.88	29.37	51.77774816
2542153	2022-03-11 22:43:00	485.81	269.18	29.59	65.90855475
2542287	2022-03-11 22:44:00	522.06	268.68	29.42	58.64828278
2542487	2022-03-11 22:45:00	627.18	263.24	29.41	36.98914705
2542623	2022-03-11 22:46:00	558.32	257.11	29.26	39.3407794
2543003	2022-03-11 22:47:00	558.17	263.2	29.62	52.96817157
2543117	2022-03-11 22:48:00	526.56	268.12	29.39	47.72582519
2543257	2022-03-11 22:49:00	536.96	268.78	29.46	46.31284058
2543497	2022-03-11 22:50:00	529.98	269.78	29.29	52.70420615
2543641	2022-03-11 22:51:00	550.44	280.77	27.98	60.8060492
2543683	2022-03-11 22:52:00	483.8	275.54	28.29	60.26712388
2543747	2022-03-11 22:53:00	491.25	273.62	28.47	75.32744818
2543937	2022-03-11 22:54:00	563.9	273.01	28.84	83.02842041
2544037	2022-03-11 22:55:00	587.04	261.07	28.65	66.02878557
2544227	2022-03-11 22:56:00	541.9	269.7	28.7	58.5938444
2544275	2022-03-11 22:57:00	519.33	269.31	28.7	37.20458142
2544407	2022-03-11 22:58:00	513.06	261.85	28.89	46.68387372
2544419	2022-03-11 22:59:00	474.34	266.25	28.86	64.69336199
2544451	2022-03-11 23:00:00	344.19	270.02	28.52	58.25278318
2544621	2022-03-11 23:01:00	499.86	265.51	28.48	45.73577971
2544691	2022-03-11 23:02:00	494.22	271.27	28.18	22.11297716
2544705	2022-03-11 23:03:00	482.01	263.42	28.36	32.99762807
2544763	2022-03-11 23:04:00	536.12	267.25	28.28	53.7761558
2544793	2022-03-11 23:05:00	433.89	265.98	28.46	28.0882174
2544837	2022-03-11 23:06:00	450.19	266.67	28.55	65.63976992
2544847	2022-03-11 23:07:00	505.89	269.77	28.28	43.0697921
2544903	2022-03-11 23:08:00	462.34	263.83	28.61	42.64394347
2545189	2022-03-11 23:09:00	516.12	271.14	28.8	53.42359177
2545193	2022-03-11 23:10:00	509.7	264.39	28.6	59.9854562
2545279	2022-03-11 23:11:00	503.69	265.99	28.58	61.35311684
2545637	2022-03-11 23:12:00	524.98	263.5	28.56	55.19744481
2545765	2022-03-11 23:13:00	525.31	258.14	28.29	43.3155214
2545795	2022-03-11 23:14:00	493.41	270.62	28.57	44.87488437
2545867	2022-03-11 23:15:00	455.59	264.38	28.46	49.56638638
2546057	2022-03-11 23:16:00	389.4	263.77	28.62	48.21413013
2546373	2022-03-11 23:17:00	556.21	268.26	29.14	49.75772161
2546381	2022-03-11 23:18:00	496.65	266.71	29.29	63.38579591
2546569	2022-03-11 23:19:00	440.3	267.42	28.39	65.16802212
2546747	2022-03-11 23:20:00	451.71	283	27.44	63.57189129
2546781	2022-03-11 23:21:00	423.52	280.5	27.46	73.56145773
2546823	2022-03-11 23:22:00	445.86	277.2	27.65	62.11777247
2546929	2022-03-11 23:23:00	463.21	272.44	28.05	60.25738791
2547005	2022-03-11 23:24:00	480.42	267.95	28.38	66.05107772
2547133	2022-03-11 23:25:00	532.41	273.1	28.37	52.39760134
2547383	2022-03-11 23:26:00	464.2	269.99	28.53	41.00489438
2547457	2022-03-11 23:27:00	487	265.97	28.72	59.350588
2547969	2022-03-11 23:28:00	512.47	266.3	28.38	53.4033301
2547997	2022-03-11 23:29:00	477.03	268.6	28.28	49.43681326
2548147	2022-03-11 23:30:00	411.09	274.06	28.46	48.06480058
2548227	2022-03-11 23:31:00	443.08	275.99	28.62	39.26846242
2548339	2022-03-11 23:32:00	516.24	277.54	28.2	56.62067294
2548387	2022-03-11 23:33:00	492.91	265.92	28.46	46.43964821
2548433	2022-03-11 23:34:00	479.46	270.87	28.2	67.24881969
2548525	2022-03-11 23:35:00	459.63	271.53	28.7	55.57269727
2548539	2022-03-11 23:36:00	379.76	266.1	28.85	49.73774208
2548673	2022-03-11 23:37:00	483.96	270.37	28.84	49.98436099
2548675	2022-03-11 23:38:00	512.9	271.49	28.77	61.17886816
2548883	2022-03-11 23:39:00	449.87	274.85	28.54	50.87902572
2548959	2022-03-11 23:40:00	468.29	266.9	28.65	35.42995039
2549109	2022-03-11 23:41:00	475.1	269.42	28.71	51.05012955
2549139	2022-03-11 23:42:00	480.78	265.11	28.5	47.28843494
2549249	2022-03-11 23:43:00	460.3	271.73	28.58	59.41763122
2549263	2022-03-11 23:44:00	447.97	264.52	28.73	48.42956449
2549397	2022-03-11 23:45:00	435.97	270.54	28.75	53.3102755
2549415	2022-03-11 23:46:00	478.01	265.25	28.99	59.92966732
2549443	2022-03-11 23:47:00	462.81	263.53	28.93	48.27696667
2549491	2022-03-11 23:48:00	462.64	271.55	28.81	53.66322185
2549591	2022-03-11 23:49:00	560.19	265.11	29.12	64.19607242
2549613	2022-03-11 23:50:00	387.83	266.43	28.78	62.70587732
2549619	2022-03-11 23:51:00	440.13	262.22	29.07	48.68093214
2549767	2022-03-11 23:52:00	537.05	271.34	28.43	68.72866581
2549791	2022-03-11 23:53:00	512.24	264.61	29.24	71.48097573
2549867	2022-03-11 23:54:00	391.83	276.29	27.66	77.71512879
2549873	2022-03-11 23:55:00	370.36	281.36	27.52	85.04439866
2549895	2022-03-11 23:56:00	313.51	286.69	27.6	87.35681164
2549903	2022-03-11 23:57:00	311.69	282.82	27.56	88.03377005
2549925	2022-03-11 23:58:00	356.35	283.3	27.83	71.93261884
2549927	2022-03-11 23:59:00	345.4	274.82	27.79	88.12367229
2502713	2022-03-11 09:00:00	518.58	275.32	28.48	65.79969032
2502767	2022-03-11 09:01:00	349.42	274.01	28.41	62.8277923
2502843	2022-03-11 09:02:00	490.93	277.07	28.76	57.46723949
2502865	2022-03-11 09:03:00	459.36	267.78	28.7	68.88823947
2502915	2022-03-11 09:04:00	508.64	271.81	28.43	43.38818062
2502961	2022-03-11 09:05:00	491.47	273.94	28.49	74.30434543
2503021	2022-03-11 09:07:00	577.98	272.65	28.69	55.65382354
2503103	2022-03-11 09:08:00	480.08	272.56	28.89	69.62638187
2503111	2022-03-11 09:09:00	447.08	269.9	28.81	53.06174603
2503129	2022-03-11 09:10:00	501.35	274.22	28.46	41.14215944
2503181	2022-03-11 09:11:00	545.35	268.74	28.99	71.45720846
2503305	2022-03-11 09:12:00	491.73	271.22	29.01	72.42643573
2503375	2022-03-11 09:13:00	490.22	267.13	28.57	60.82923569
2503443	2022-03-11 09:14:00	463.18	281.02	28.29	57.02343613
2503469	2022-03-11 09:15:00	516.56	266.07	28.96	73.42452731
2503655	2022-03-11 09:16:00	567.31	278.98	28.74	41.95636075
2503693	2022-03-11 09:17:00	517.62	271.85	29.03	57.83683541
2503947	2022-03-11 09:18:00	507.14	266.05	28.62	50.1540831
2503959	2022-03-11 09:19:00	439.82	271.88	28.84	44.3629518
2504525	2022-03-11 09:20:00	515.64	277.07	29	60.19769433
2504577	2022-03-11 09:21:00	518.99	271.25	29.16	69.86872439
2504613	2022-03-11 09:22:00	550.59	272.9	29.34	50.59488434
2504655	2022-03-11 09:23:00	536.79	263.64	28.91	62.21746956
2504897	2022-03-11 09:24:00	566.95	265.81	28.86	49.24242079
2504999	2022-03-11 09:25:00	514.35	269.74	29.01	65.7226018
2505055	2022-03-11 09:26:00	550.92	272.38	28.83	82.80142828
2505259	2022-03-11 09:27:00	499.94	280.47	29.17	76.13626696
2505339	2022-03-11 09:28:00	550.3	272.42	28.9	70.10472129
2505483	2022-03-11 09:29:00	429.6	273.65	27.92	45.52528454
2505519	2022-03-11 09:30:00	453.13	279.48	28.27	40.20496485
2505813	2022-03-11 09:31:00	455.89	272.64	28.11	67.45252958
2505873	2022-03-11 09:32:00	472.83	274.95	28.38	73.87450908
2505883	2022-03-11 09:33:00	498.47	272.62	28.78	92.51167586
2505925	2022-03-11 09:34:00	509.81	274.24	28.84	71.36415835
2506011	2022-03-11 09:35:00	493.83	278.44	29.26	62.85865851
2506013	2022-03-11 09:36:00	560.65	276.34	29.61	85.67392912
2506089	2022-03-11 09:37:00	569.41	273.83	29.42	69.08886851
2506107	2022-03-11 09:38:00	516.02	276.57	29.09	65.565822
2506183	2022-03-11 09:39:00	542.24	277.55	29.16	68.72538284
2506373	2022-03-11 09:40:00	505.77	271.57	29.11	29.43940811
2506429	2022-03-11 09:41:00	517.44	257.31	29.29	81.25196638
2506559	2022-03-11 09:42:00	503.91	265.67	29.51	74.60200065
2507179	2022-03-11 09:43:00	569.68	278.13	29.45	79.89640059
2507313	2022-03-11 09:44:00	534.33	276.98	29.28	70.58977381
2507337	2022-03-11 09:45:00	539.54	270.67	29.73	67.79775978
2507757	2022-03-11 09:46:00	585.31	264.25	29.89	69.61449396
2508363	2022-03-11 09:47:00	508.12	269.55	29.55	65.14521034
2508535	2022-03-11 09:48:00	467.96	274.26	28.44	46.79445145
2509397	2022-03-11 09:49:00	518.56	272.23	28.55	96.12977007
2509469	2022-03-11 09:50:00	498.37	279.12	29.14	90.70714992
2509509	2022-03-11 09:51:00	502.46	278.86	28.85	81.24889042
2509521	2022-03-11 09:52:00	503.85	264.92	29.39	67.61934315
2510623	2022-03-11 09:53:00	481.1	271.48	29.72	64.68883048
2510683	2022-03-11 09:54:00	523.72	266.01	29.63	80.35012045
2510977	2022-03-11 09:55:00	527.78	271.37	29.58	63.79875933
2511049	2022-03-11 09:56:00	519.74	264.67	29.44	54.87854193
2511365	2022-03-11 09:57:00	513.85	270.1	29.96	75.80956442
2511615	2022-03-11 09:58:00	516.61	272.62	29.47	53.31848352
2511855	2022-03-11 09:59:00	552.11	265.33	29.43	55.66412913
2549929	2022-03-12 00:00:00	375.85	276.83	27.94	65.15906442
2549975	2022-03-12 00:01:00	409.8	273.46	28.13	74.42400617
2550111	2022-03-12 00:02:00	453.47	277.69	28.5	59.68684735
2550239	2022-03-12 00:03:00	483.06	268.26	28.44	48.55731987
2550245	2022-03-12 00:04:00	457.72	272.57	28.61	73.24914239
2550311	2022-03-12 00:05:00	518.3	268.33	28.63	58.63467542
2550339	2022-03-12 00:06:00	499.4	270.58	28.59	78.16516675
2550387	2022-03-12 00:07:00	521.72	275.13	28.58	47.15357539
2550523	2022-03-12 00:08:00	632.25	261.98	28.67	35.45007774
2550569	2022-03-12 00:09:00	536.16	269.54	28.55	56.66759672
2550901	2022-03-12 00:10:00	463.24	267.07	28.47	60.93155224
2550929	2022-03-12 00:11:00	493.36	268.21	28.73	58.92596935
2551161	2022-03-12 00:12:00	503.21	261.68	28.8	42.0548738
2551225	2022-03-12 00:13:00	509.2	269.08	28.99	59.88047502
2551305	2022-03-12 00:14:00	531.47	267.88	29.24	54.71166797
2551409	2022-03-12 00:15:00	522.62	264.83	28.93	40.45143409
2551433	2022-03-12 00:16:00	503.26	269.08	28.76	48.17434498
2551589	2022-03-12 00:17:00	492.31	268.93	28.96	60.4087572
2551601	2022-03-12 00:18:00	562.37	265.11	28.87	43.56737202
2552065	2022-03-12 00:19:00	482.99	269.37	28.95	63.04035951
2552109	2022-03-12 00:20:00	505.16	277.45	28.57	54.66552847
2552191	2022-03-12 00:21:00	460.83	265.64	28.82	60.95996235
2552289	2022-03-12 00:22:00	466.27	269.29	28.54	51.61679
2552381	2022-03-12 00:23:00	474.25	269.72	29.13	74.79528563
2552557	2022-03-12 00:24:00	411.91	273.26	28.67	55.40003264
2552665	2022-03-12 00:25:00	468.68	271.31	28.67	51.27874924
2552671	2022-03-12 00:26:00	371.84	271.26	28.72	53.01210275
2552675	2022-03-12 00:27:00	478.81	277.45	28.55	52.62877527
2552715	2022-03-12 00:28:00	541.13	271.44	29.02	59.19400581
2552839	2022-03-12 00:29:00	491.72	274.33	28.62	45.91591605
2552971	2022-03-12 00:30:00	389.41	272.08	28.98	65.46028049
2553231	2022-03-12 00:31:00	506.92	266.78	28.95	53.56256565
2553247	2022-03-12 00:32:00	504.05	266.71	28.87	67.98691873
2553369	2022-03-12 00:33:00	464.85	278.08	28.63	52.46771425
2553613	2022-03-12 00:34:00	482.71	284.24	27.71	80.68966841
2553747	2022-03-12 00:35:00	468.34	273.97	28.28	58.05363503
2553819	2022-03-12 00:36:00	403.12	272.73	28.33	67.35464713
2554083	2022-03-12 00:37:00	435.63	263.27	28.73	63.2664394
2554121	2022-03-12 00:38:00	447.47	270.8	28.69	69.76717113
2554165	2022-03-12 00:39:00	446.58	263.89	28.44	60.62864478
2554653	2022-03-12 00:40:00	498.02	270.79	29	68.4837576
2554791	2022-03-12 00:41:00	461.22	271.51	28.84	53.70275714
2554811	2022-03-12 00:42:00	535.05	265.06	29.04	45.86932944
2555111	2022-03-12 00:43:00	480.83	270.37	28.84	48.87040739
2555135	2022-03-12 00:44:00	494.13	258.1	28.93	65.38314879
2555203	2022-03-12 00:45:00	539.26	264.87	28.92	73.03827301
2555225	2022-03-12 00:46:00	504.61	267.98	28.8	55.2723191
2555363	2022-03-12 00:47:00	515.72	271.96	28.86	46.47478281
2555387	2022-03-12 00:48:00	483.8	269.91	29.08	83.01364721
2555575	2022-03-12 00:49:00	468.13	271.21	28.9	55.56722037
2555629	2022-03-12 00:50:00	507.68	266.07	28.87	37.45080401
2555659	2022-03-12 00:51:00	470.59	269.47	28.71	44.78524209
2555851	2022-03-12 00:52:00	508.98	265.74	28.88	34.78390859
2555947	2022-03-12 00:53:00	488.68	265.16	28.74	57.68326111
2556109	2022-03-12 00:54:00	509.44	262.29	28.85	51.65589123
2556123	2022-03-12 00:55:00	424.9	273.41	28.93	47.95227056
2556131	2022-03-12 00:56:00	431.95	264.93	28.8	44.58529455
2556191	2022-03-12 00:57:00	426.05	271.88	28.77	51.00306038
2556269	2022-03-12 00:58:00	486.44	277.72	29.11	42.1097354
2556401	2022-03-12 00:59:00	476.84	274.12	28.66	45.39736919
2556413	2022-03-12 01:00:00	497.05	278.43	28.9	53.30342834
2556519	2022-03-12 01:01:00	563.56	272.17	28.79	60.84247911
2556541	2022-03-12 01:02:00	480.33	277.8	28.55	41.62576308
2556595	2022-03-12 01:03:00	462.25	271.61	28.53	47.32455473
2556783	2022-03-12 01:04:00	512.13	273.35	28.67	51.56470154
2557307	2022-03-12 01:05:00	482.86	281.6	29.08	64.59681633
2557331	2022-03-12 01:06:00	496.62	271.35	28.8	70.60122355
2557349	2022-03-12 01:07:00	466.07	278.24	28.71	65.90817062
2557397	2022-03-12 01:08:00	464.92	267.37	29.08	51.43937864
2557646	2022-03-12 01:09:00	382.21	291.76	27.57	90.0067371
2557660	2022-03-12 01:10:00	327.68	278.39	27.15	78.01780899
2557764	2022-03-12 01:11:00	401.17	290.41	26.71	108.7866338
2557784	2022-03-12 01:12:00	340.31	299.4	27.06	96.84362738
2557790	2022-03-12 01:13:00	230.62	280.35	26.97	83.85540701
2557794	2022-03-12 01:14:00	327.36	293.18	27	94.55664214
2557798	2022-03-12 01:15:00	307.74	299.21	27.34	106.1901236
2557814	2022-03-12 01:16:00	267.43	290.07	27.24	78.81813339
2557816	2022-03-12 01:17:00	268.36	291.15	27.3	103.4709042
2557818	2022-03-12 01:18:00	277.86	295.28	27.34	114.0946783
2557820	2022-03-12 01:19:00	257.64	285.77	27.4	102.7559792
2557828	2022-03-12 01:20:00	282.27	281.34	27.32	88.87642093
2557832	2022-03-12 01:21:00	354.46	279.1	27.3	79.40971134
2557836	2022-03-12 01:22:00	338.83	292.24	27.69	104.8607049
2557840	2022-03-12 01:23:00	238.9	275.42	27.49	76.26494328
2557844	2022-03-12 01:24:00	340.54	290.06	27.21	81.97640708
2557860	2022-03-12 01:25:00	310.74	300.86	27.16	82.88039358
2557868	2022-03-12 01:26:00	391.65	284.27	27.35	88.36825806
2557882	2022-03-12 01:27:00	335.81	285.85	27.5	71.61508091
2557888	2022-03-12 01:28:00	376.02	272.9	27.7	72.12579807
2557898	2022-03-12 01:29:00	377.74	277.91	27.63	82.38486708
2557908	2022-03-12 01:30:00	361.48	278.38	27.57	92.52346237
2557946	2022-03-12 01:31:00	319.71	292.25	27.43	68.44208452
2557976	2022-03-12 01:32:00	331.87	278.34	27.75	78.8515466
2557992	2022-03-12 01:33:00	395.47	290.54	28.02	69.17818731
2558002	2022-03-12 01:34:00	405.15	277.5	27.97	69.15528652
2558010	2022-03-12 01:35:00	460.85	284.07	28.2	77.12567073
2558024	2022-03-12 01:36:00	347.52	281.45	28.25	66.9621466
2558066	2022-03-12 01:37:00	379.31	287.42	28.34	60.99862428
2558084	2022-03-12 01:38:00	387.46	275.72	28.07	66.35492047
2558098	2022-03-12 01:39:00	361.83	283.25	28.16	86.75928163
2558114	2022-03-12 01:40:00	431.26	280	28.23	62.02365794
2558238	2022-03-12 01:41:00	436.54	280.13	27.88	50.8485124
2558276	2022-03-12 01:42:00	363.03	266.86	28.34	50.35626987
2558374	2022-03-12 01:43:00	421.63	274.89	28.45	38.89007922
2558444	2022-03-12 01:44:00	455.27	278.1	28.6	62.04254333
2558542	2022-03-12 01:45:00	482.86	268.64	28.45	50.66539784
2558614	2022-03-12 01:46:00	374.52	279.43	28.54	66.93414789
2558800	2022-03-12 01:47:00	483.92	272.41	28.74	70.312473
2558892	2022-03-12 01:48:00	415.55	260.53	28.63	46.2298596
2558964	2022-03-12 01:49:00	467.87	272.39	28.45	51.31003271
2559038	2022-03-12 01:50:00	412.17	271.51	28.75	47.37821886
2559134	2022-03-12 01:51:00	494.34	257.12	28.95	50.81318073
2559300	2022-03-12 01:52:00	488.25	276.91	28.98	33.83621023
2559318	2022-03-12 01:53:00	417.95	266.4	28.76	70.37835531
2559376	2022-03-12 01:54:00	465.97	271.42	28.76	44.58526627
2559494	2022-03-12 01:55:00	413.42	263.82	28.81	43.42015337
2559516	2022-03-12 01:56:00	361.9	271.14	28.53	54.49969829
2559768	2022-03-12 01:57:00	491.23	271.34	28.47	48.0468152
2559828	2022-03-12 01:58:00	467.4	270.96	28.9	48.76850395
2559880	2022-03-12 01:59:00	470.74	264.96	28.5	51.83867786
2560134	2022-03-12 02:00:00	425.28	272.27	28.98	48.12116174
2560272	2022-03-12 02:01:00	478.4	275.73	29.13	72.86999268
2560416	2022-03-12 02:02:00	474.58	260.48	28.55	54.09646399
2560420	2022-03-12 02:03:00	438.54	269.46	29.17	60.90342458
2560518	2022-03-12 02:04:00	498.49	272.03	28.94	57.98016573
2560664	2022-03-12 02:05:00	489.72	263.58	29.14	72.39743356
2560676	2022-03-12 02:06:00	460.67	259.62	29.09	74.96397842
2560770	2022-03-12 02:07:00	526.44	272.69	28.75	45.65627915
2560782	2022-03-12 02:08:00	413.39	270.5	28.79	55.6833949
2560940	2022-03-12 02:09:00	506.1	265.58	28.64	73.16411983
2560950	2022-03-12 02:10:00	381.23	278.38	28.59	43.10444354
2561130	2022-03-12 02:11:00	475.74	277.84	28.55	57.26373027
2561244	2022-03-12 02:12:00	399.04	265.95	28.87	49.19358208
2561266	2022-03-12 02:13:00	516.16	270.76	28.83	38.96348739
2561504	2022-03-12 02:14:00	447.9	274.53	28.69	39.71657258
2561610	2022-03-12 02:15:00	474.57	272.47	29.11	47.63448552
2561686	2022-03-12 02:16:00	473.52	265.67	28.88	66.8854323
2561786	2022-03-12 02:17:00	494.44	266.53	28.86	73.01308325
2561868	2022-03-12 02:18:00	430.24	264.79	28.96	56.52260625
2561936	2022-03-12 02:19:00	424.08	265.57	28.99	60.76502603
2561966	2022-03-12 02:20:00	481.04	277.43	28.86	30.02236673
2562090	2022-03-12 02:21:00	386.7	281.25	27.98	59.14315573
2562096	2022-03-12 02:22:00	439.67	281.59	27.93	82.97771189
2562120	2022-03-12 02:23:00	350.3	283	27.58	87.68593039
2562152	2022-03-12 02:24:00	323.67	288.96	27.96	53.71406458
2562198	2022-03-12 02:25:00	391.3	279.65	28.18	55.57510541
2562302	2022-03-12 02:26:00	457.56	270.76	28.59	63.61202457
2562332	2022-03-12 02:27:00	358	281.08	28.71	72.03600429
2562364	2022-03-12 02:28:00	456.12	267.43	28.25	72.26303067
2562622	2022-03-12 02:29:00	482.98	271.85	28.64	58.13792542
2562780	2022-03-12 02:30:00	447.02	266.91	28.63	44.69062243
2562978	2022-03-12 02:31:00	424.5	269.74	28.74	65.55472216
2563134	2022-03-12 02:32:00	456.35	265.01	28.68	91.6489315
2563166	2022-03-12 02:33:00	431.47	260.3	28.72	68.71374781
2563256	2022-03-12 02:34:00	506.02	266.73	28.91	52.82108632
2563376	2022-03-12 02:35:00	431.22	263.89	28.86	73.70165344
2563600	2022-03-12 02:36:00	482.76	264.06	29	70.82789581
2563626	2022-03-12 02:37:00	424.87	266.16	28.68	65.58424103
2563658	2022-03-12 02:38:00	439.27	280.94	28.9	48.20188009
2563706	2022-03-12 02:39:00	416.71	272.03	29.18	45.37253452
2563708	2022-03-12 02:40:00	465.65	272.66	29.06	35.40894637
2563924	2022-03-12 02:41:00	503.7	274.8	29.17	41.9802845
2564178	2022-03-12 02:42:00	448.09	272.64	28.84	43.78698644
2564236	2022-03-12 02:43:00	461.58	272.27	28.7	44.71023764
2564272	2022-03-12 02:44:00	500.38	266.71	28.82	51.14662802
2564316	2022-03-12 02:45:00	424.19	280.39	28.83	40.78045444
2564346	2022-03-12 02:46:00	491.67	272.75	28.92	58.77743124
2564776	2022-03-12 02:47:00	387.56	271.96	28.4	49.63113542
2565186	2022-03-12 02:48:00	457.59	266.23	28.89	57.6571397
2565214	2022-03-12 02:49:00	473.43	274.09	28.66	53.46048913
2565308	2022-03-12 02:50:00	446.26	264.86	28.84	66.64084569
2565382	2022-03-12 02:51:00	500.35	279.35	28.93	56.8809107
2565384	2022-03-12 02:52:00	513.74	271.15	29.01	54.35210186
2565646	2022-03-12 02:53:00	447.51	279.36	28.85	39.98543066
2565652	2022-03-12 02:54:00	469.63	278.34	28.92	37.74114906
2565758	2022-03-12 02:55:00	515.21	266.35	28.92	71.06990788
2565870	2022-03-12 02:56:00	444.96	270.81	28.55	63.65811501
2565990	2022-03-12 02:57:00	528.75	271.86	29.02	51.39201025
2566260	2022-03-12 02:58:00	395.51	271.82	29.13	72.78483736
2566452	2022-03-12 02:59:00	263.68	268.91	28.27	70.8239454
2566538	2022-03-12 03:00:00	370.57	283.13	28.16	47.05472989
2566580	2022-03-12 03:01:00	409.8	267.42	28.26	75.00954628
2566636	2022-03-12 03:02:00	446.62	275.94	28.53	68.67105213
2566674	2022-03-12 03:03:00	441.86	274.1	28.3	78.67734321
2566798	2022-03-12 03:04:00	382.35	272.49	28.81	80.20751874
2566880	2022-03-12 03:05:00	426.78	273.82	28.63	28.36358694
2566982	2022-03-12 03:06:00	497.71	260.97	28.9	65.82695116
2567084	2022-03-12 03:07:00	448.09	272.61	28.92	44.28212273
2567114	2022-03-12 03:08:00	409.28	277.11	28.86	37.219406
2567116	2022-03-12 03:09:00	521.95	273.75	28.81	61.39868019
2567374	2022-03-12 03:10:00	452.7	280.73	28.71	44.06627318
2567606	2022-03-12 03:11:00	457.08	266.65	28.97	52.86937108
2567700	2022-03-12 03:12:00	501.39	266.53	28.81	53.90489334
2567774	2022-03-12 03:13:00	456.81	268.04	28.98	60.85283556
2567978	2022-03-12 03:14:00	500.85	265.58	28.95	34.18247219
2568034	2022-03-12 03:15:00	512.4	275.43	29.11	77.24772062
2568296	2022-03-12 03:16:00	411.61	275.6	28.19	56.97232871
2568320	2022-03-12 03:17:00	399.52	280.71	28.38	47.89969041
2568392	2022-03-12 03:18:00	399.24	273.01	28.92	66.39095862
2568412	2022-03-12 03:19:00	479.53	272.69	29.01	94.0476277
2568462	2022-03-12 03:20:00	350.28	285.59	28.86	48.77552539
2568870	2022-03-12 03:21:00	426.26	265.06	29.28	61.0437623
2568878	2022-03-12 03:22:00	445.04	277.53	29.02	44.43386711
2568974	2022-03-12 03:23:00	479.56	270.95	29.01	61.05780541
2569150	2022-03-12 03:24:00	413.71	271.52	28.95	37.72771696
2569168	2022-03-12 03:25:00	450.78	257.5	28.98	62.84608515
2569480	2022-03-12 03:26:00	484	272.19	28.84	75.9583662
2569564	2022-03-12 03:27:00	428.2	278.83	28.95	57.46672994
2569818	2022-03-12 03:28:00	496.24	272.68	29.05	46.90716361
2569958	2022-03-12 03:29:00	499.76	271.73	29.08	50.69850528
2570110	2022-03-12 03:30:00	322.21	290.08	27.53	78.4948432
2570118	2022-03-12 03:31:00	323.17	281.43	27.65	74.09913003
2570136	2022-03-12 03:32:00	359.38	286.33	27.87	99.78183431
2570144	2022-03-12 03:33:00	327.82	283.31	28.12	87.40942561
2570146	2022-03-12 03:34:00	381.76	281.57	27.84	96.2396825
2570150	2022-03-12 03:35:00	346.01	276.22	27.7	78.22346312
2570208	2022-03-12 03:36:00	364.83	286.93	28.24	73.49577551
2570238	2022-03-12 03:37:00	416	283	28.16	74.02347248
2570252	2022-03-12 03:38:00	411.43	281.96	28.14	61.64414195
2570288	2022-03-12 03:39:00	417.06	274.76	28.13	90.47224916
2570356	2022-03-12 03:40:00	386.82	274.82	28.51	55.10799271
2570378	2022-03-12 03:41:00	392.88	273.81	28.54	62.44182266
2570618	2022-03-12 03:42:00	421.52	271.55	29.18	59.88902382
2570672	2022-03-12 03:43:00	471.32	278.53	28.72	46.20760871
2570746	2022-03-12 03:44:00	432.37	275.91	29	57.49787304
2570784	2022-03-12 03:45:00	407.33	279.01	28.85	33.84503838
2570840	2022-03-12 03:46:00	508.17	267.98	28.51	59.81443148
2571384	2022-03-12 03:47:00	486.3	266.19	28.87	62.65721402
2571392	2022-03-12 03:48:00	429.65	270.53	28.83	45.08370058
2571460	2022-03-12 03:49:00	455.63	276.33	28.84	54.52182196
2571464	2022-03-12 03:50:00	374.77	267.34	28.9	47.50605715
2571910	2022-03-12 03:51:00	437.74	279.86	28.86	55.43208018
2571950	2022-03-12 03:52:00	452	266.31	28.97	30.90740697
2572236	2022-03-12 03:53:00	380.62	266.38	28.73	57.94940456
2572254	2022-03-12 03:54:00	414.81	274.49	28.65	57.6450138
2572356	2022-03-12 03:55:00	410.72	265.28	28.81	67.04755329
2572360	2022-03-12 03:56:00	456.95	271.35	28.9	59.42611209
2572460	2022-03-12 03:57:00	450.5	273.05	28.93	61.02041318
2572612	2022-03-12 03:58:00	410.97	266.61	28.96	67.61152861
2572684	2022-03-12 03:59:00	458.91	273.72	28.66	44.65906168
2572710	2022-03-12 04:00:00	434.67	273.03	28.95	58.24993225
2572744	2022-03-12 04:01:00	442.55	265.15	28.85	53.16740424
2572878	2022-03-12 04:02:00	400.33	259.37	28.73	58.43842979
2572910	2022-03-12 04:03:00	436.98	271.36	28.87	68.44431145
2573000	2022-03-12 04:04:00	509.4	267.11	29.1	85.43984674
2573084	2022-03-12 04:05:00	372.96	272.97	28.98	53.26512808
2573130	2022-03-12 04:06:00	418.08	277.21	29.25	61.37417472
2573134	2022-03-12 04:07:00	471	272.78	29	67.44047069
2573566	2022-03-12 04:08:00	436.62	272.39	28.98	61.00323353
2573568	2022-03-12 04:09:00	443.21	270.95	28.84	38.11118062
2573650	2022-03-12 04:10:00	427.78	275.97	29.33	34.85476605
2573738	2022-03-12 04:11:00	382.38	283.04	28.1	86.37153118
2573752	2022-03-12 04:12:00	455.65	280.72	27.99	65.32868304
2573906	2022-03-12 04:13:00	448.55	280.42	28.47	72.81482764
2574016	2022-03-12 04:14:00	472.79	286.11	28.41	83.56391644
2574046	2022-03-12 04:15:00	441.29	278.28	29.17	69.09133413
2574378	2022-03-12 04:16:00	483.44	271.91	28.82	63.18117437
