"datetime"	"Serial"	"PartNo"	"Judge"	"NG_Mode"	"pressure"
2021-09-01 09:00:16	210827184403	111	"OK"	""	0.49
2021-09-01 09:16:06	210831013703	112	"OK"	""	0.63
2021-09-01 09:30:37	210827201703	111	"OK"	""	0.607
2021-09-01 09:47:51	210831038002	112	"OK"	""	0.236
2021-09-01 10:04:46	210831038203	112	"OK"	""	0.441
2021-09-01 10:23:00	210831034703	112	"OK"	""	0.358
2021-09-01 10:57:02	210820227103	113	"OK"	""	0.292
2021-09-01 11:16:34	210831018903	112	"OK"	""	0.41
2021-09-01 11:32:29	210823033302	114	"OK"	""	0.438
2021-09-01 11:49:34	210823036802	114	"OK"	""	0.69
2021-09-01 13:11:20	210817201203	115	"OK"	""	0.511
2021-09-01 13:32:43	210830000203	111	"OK"	""	0.377
2021-09-01 13:50:29	210817202003	115	"OK"	""	0.457
2021-09-01 14:09:47	210817203003	115	"OK"	""	0.396
2021-09-01 14:33:14	210831143702	115	"OK"	""	0.518
2021-09-01 14:50:24	210831139902	115	"OK"	""	0.626
2021-09-01 15:05:55	210830123703	116	"OK"	""	0.5304
2021-09-01 15:28:09	210831057603	116	"OK"	""	0.174
2021-09-01 15:44:51	210831149002	115	"OK"	""	0.999
2021-09-01 16:08:07	210831146402	115	"NG"	"A_failure"	0.385
2021-09-01 16:25:45	210129166402	117	"OK"	""	0.5292
2021-09-01 16:41:50	210831152603	115	"OK"	""	0.507
2021-09-01 17:04:29	210319172803	118	"NG"	"A_failure"	0.327
2021-09-01 20:25:04	210831154503	115	"OK"	""	0.512
2021-09-01 20:40:23	210831158502	115	"OK"	""	0.429
2021-09-01 21:01:45	210830082403	111	"OK"	""	0.162
2021-09-01 21:21:03	210319173002	118	"NG"	"A_failure"	0.243
2021-09-01 21:38:38	210831157403	115	"OK"	""	0.465
2021-09-01 21:58:29	210830136703	111	"OK"	""	0.406
2021-09-01 22:26:43	210831157803	115	"OK"	""	0.476
2021-09-01 22:51:20	210827220502	111	"NG"	"A_failure"	0.357
2021-09-01 23:08:55	210830084403	111	"OK"	""	0.4626
2021-09-01 23:27:47	210831122402	116	"OK"	""	0.37
2021-09-01 23:45:04	210901026202	116	"OK"	""	0.379
2021-09-02 01:02:16	210901059303	115	"OK"	""	0.375
2021-09-02 01:34:32	210901010403	111	"OK"	""	0.4818
2021-09-02 02:04:32	210901018502	111	"OK"	""	0.352
2021-09-02 02:35:58	210901032103	116	"NG"	"A_failure"	0.834
2021-09-02 03:06:07	210830149502	111	"OK"	""	0.254
2021-09-02 03:47:06	210830148903	111	"OK"	""	0.257
2021-09-02 04:22:34	210901022202	116	"OK"	""	0.0281
2021-09-02 09:01:30	210901022602	116	"NG"	"D_failure"	0.437
2021-09-02 09:20:11	210901031802	116	"NG"	"A_failure"	0.157
2021-09-02 09:42:41	210831009803	111	"NG"	"A_failure"	0.309
2021-09-02 10:00:25	210831003203	111	"OK"	""	0.165
2021-09-02 10:21:29	210831099302	119	"NG"	"A_failure"	0.34
2021-09-02 10:49:24	210831076903	119	"OK"	""	0.414
2021-09-02 11:13:05	210826080503	113	"OK"	""	0.999
2021-09-02 11:32:38	210831091802	119	"OK"	""	0.403
2021-09-02 11:47:50	210826063403	113	"NG"	"A_failure"	0.315
2021-09-02 13:09:59	210831086702	119	"OK"	""	0.524
2021-09-02 13:31:42	210826069702	113	"OK"	""	0.568
2021-09-02 13:46:14	210831099703	119	"OK"	""	0.444
2021-09-02 14:00:05	210819199403	115	"OK"	""	0.521
2021-09-02 14:18:36	210819205603	115	"OK"	""	0.458
2021-09-02 14:37:53	210901055903	115	"OK"	""	0.636
2021-09-02 14:51:42	210901053602	115	"OK"	""	0.4704
2021-09-02 15:08:12	210902005402	115	"OK"	""	0.497
2021-09-02 15:32:49	210902003103	115	"OK"	""	0.241
2021-09-02 15:49:38	210830144203	111	"OK"	""	0.5022
2021-09-02 16:05:42	210901156502	115	"OK"	""	0.507
2021-09-02 16:22:49	210901151302	115	"NG"	"A_failure"	0.45
2021-09-02 16:39:51	210901154403	115	"OK"	""	0.397
2021-09-02 16:55:16	210901152103	115	"NG"	"A_failure"	0.36
2021-09-02 17:11:51	210901188303	111	"OK"	""	0.372
2021-09-02 17:48:34	210901121102	111	"OK"	""	0.4974
2021-09-02 18:05:10	210901199502	111	"NG"	"A_failure"	0.272
2021-09-02 18:21:08	210901206303	111	"NG"	"A_failure"	0.23
2021-09-02 18:38:41	210831081802	119	"OK"	""	0.448
2021-09-02 18:56:31	210901198502	111	"OK"	""	0.4602
2021-09-02 19:12:41	210901201303	111	"OK"	""	0.495
2021-09-02 19:29:58	210319172903	118	"NG"	"A_failure"	0.3834
2021-09-02 20:39:44	210826007302	111	"OK"	""	0.3846
2021-09-02 20:59:26	210824052203	120	"OK"	""	0.18
2021-09-02 21:19:31	210824045003	120	"NG"	"E_failure"	0.381
2021-09-02 21:44:09	210831105603	112	"NG"	"D_failure"	0.999
2021-09-02 21:58:45	210827140603	112	"OK"	""	0.195
2021-09-02 22:12:56	210827147902	112	"OK"	""	0.602
2021-09-02 22:40:43	210831102703	112	"OK"	""	0.5628
2021-09-02 22:58:46	210902029603	115	"OK"	""	0.507
2021-09-02 23:14:36	210901060902	115	"OK"	""	0.572
2021-09-02 23:30:31	210901064002	115	"OK"	""	0.353
2021-09-02 23:46:38	210901208602	115	"OK"	""	0.5748
2021-09-03 01:07:00	210901215502	115	"OK"	""	0.5532
2021-09-03 01:31:26	210901152303	115	"OK"	""	0.427
2021-09-03 01:51:23	210901213302	115	"NG"	"A_failure"	0.184
2021-09-03 02:15:00	210901116702	111	"OK"	""	0.4008
2021-09-03 02:42:22	210901110503	116	"OK"	""	0.314
2021-09-03 03:04:41	210901091603	116	"OK"	""	0.163
2021-09-03 03:28:36	210901091303	116	"OK"	""	0.386
2021-09-03 03:48:14	210901116003	111	"OK"	""	0.408
2021-09-03 04:06:19	210901076503	116	"OK"	""	0.603
2021-09-03 04:23:11	210901144902	111	"OK"	""	0.5592
2021-09-03 04:43:21	210901140302	111	"OK"	""	0.439
2021-09-03 05:05:58	210901074302	116	"NG"	"A_failure"	0.134
2021-09-03 05:26:23	210901108103	116	"OK"	""	0.5514
2021-09-03 05:50:15	210826064302	113	"OK"	""	0.258
2021-09-03 06:11:09	210818264503	111	"OK"	""	0.4722
2021-09-03 06:35:02	210819230503	111	"OK"	""	0.338
2021-09-03 08:59:34	210901075902	116	"OK"	""	0.357
2021-09-03 09:18:47	210830050803	116	"OK"	""	0.5418
2021-09-03 09:33:25	210901101102	116	"OK"	""	0.999
2021-09-03 09:49:59	210901105903	116	"OK"	""	0.5784
2021-09-03 10:04:56	210901071003	116	"OK"	""	0.587
2021-09-03 10:20:57	210901071103	116	"OK"	""	0.627
2021-09-03 10:36:09	210901087802	116	"OK"	""	0.62
2021-09-03 11:04:53	210902050003	111	"OK"	""	0.569
2021-09-03 11:29:51	210902056102	111	"OK"	""	0.491
2021-09-03 11:48:35	210901136003	111	"OK"	""	0.559
2021-09-03 12:11:22	210901117703	111	"NG"	"D_failure"	0.5034
2021-09-03 12:43:39	210817188802	111	"OK"	""	0.5508
2021-09-03 13:27:02	210818280102	111	"OK"	""	0.51
2021-09-03 13:47:44	210818259103	111	"OK"	""	0.5106
2021-09-03 14:06:46	210827147703	112	"OK"	""	0.431
2021-09-03 14:21:47	210902017802	115	"OK"	""	0.606
2021-09-03 14:37:23	210902011202	115	"OK"	""	0.81
2021-09-03 14:54:02	210828026202	112	"OK"	""	0.477
2021-09-03 15:17:39	210828025303	112	"NG"	"E_failure"	0.397
2021-09-03 15:43:10	210902052002	111	"NG"	"A_failure"	0.481
2021-09-03 16:01:54	210902055702	111	"OK"	""	0.326
2021-09-03 16:17:32	210831072503	112	"NG"	"A_failure"	0.472
2021-09-03 16:34:08	210901146302	111	"OK"	""	0.5424
2021-09-03 16:52:03	210831072402	112	"OK"	""	0.288
2021-09-03 17:43:15	210831071903	112	"OK"	""	0.409
2021-09-03 18:00:27	210817190802	111	"OK"	""	0.4968
2021-09-03 18:23:02	210903021303	115	"OK"	""	0.455
2021-09-03 18:41:02	210903016103	115	"NG"	"A_failure"	0.333
2021-09-03 18:57:11	210819150102	111	"OK"	""	0.4938
2021-09-03 20:04:46	210729300603	116	"NG"	"D_failure"	0.3246
2021-09-03 20:23:24	210902011803	115	"OK"	""	0.459
2021-09-03 20:39:26	210902040803	111	"OK"	""	0.362
2021-09-03 20:57:28	210903019402	115	"OK"	""	0.466
2021-09-03 21:14:55	210902046302	111	"NG"	"A_failure"	0.404
2021-09-03 21:33:23	210818270902	111	"OK"	""	0.398
2021-09-03 21:50:06	210817193903	111	"NG"	"A_failure"	0.241
2021-09-03 22:30:03	210817185103	111	"NG"	"A_failure"	0.4014
2021-09-03 22:56:54	210817187902	111	"OK"	""	0.4788
2021-09-03 23:27:06	210818278903	111	"OK"	""	0.654
2021-09-03 23:49:10	210902155102	116	"OK"	""	0.4932
2021-09-04 00:11:57	210902150803	116	"OK"	""	0.5418
2021-09-04 00:36:52	210902153202	116	"OK"	""	0.5256
2021-09-04 01:04:19	210902155902	116	"OK"	""	0.477
2021-09-04 01:20:48	210901161803	113	"OK"	""	0.353
2021-09-04 01:37:04	210901162003	113	"OK"	""	0.374
2021-09-04 01:53:53	210901163003	113	"OK"	""	0.1
2021-09-04 02:18:20	210830030603	116	"OK"	""	0.5238
2021-09-04 02:49:50	210902163803	111	"OK"	""	0.453
2021-09-04 03:33:59	210902169003	111	"NG"	"A_failure"	0.3798
2021-09-04 04:01:11	210903010503	115	"OK"	""	0.4992
2021-09-04 04:29:51	210903011302	115	"OK"	""	0.4818
2021-09-04 04:50:32	210903107503	111	"OK"	""	0.408
2021-09-04 05:29:11	210903107903	111	"NG"	"A_failure"	0.261
2021-09-04 05:57:29	210903106802	111	"OK"	""	0.336
2021-09-06 09:00:49	210902167103	111	"OK"	""	0.604
2021-09-06 09:15:48	210902063003	111	"OK"	""	0.726
2021-09-06 09:33:23	210902065902	111	"OK"	""	0.674
2021-09-06 09:52:38	210730220503	121	"OK"	""	0.689
2021-09-06 10:09:37	210818249003	111	"OK"	""	0.607
2021-09-06 10:56:41	210903039902	116	"OK"	""	0.749
2021-09-06 11:24:14	210903044403	116	"NG"	"A_failure"	0.737
2021-09-06 11:48:13	210831115602	112	"OK"	""	0.4602
2021-09-06 12:57:41	210831116402	112	"OK"	""	0.61
2021-09-06 13:27:56	210903158802	119	"OK"	""	0.601
2021-09-06 14:09:18	210903152803	119	"OK"	""	0.681
2021-09-06 14:32:32	210903083303	112	"OK"	""	0.52
2021-09-06 14:53:10	210903078702	112	"OK"	""	0.585
2021-09-06 15:24:32	210901046502	119	"OK"	""	0.613
2021-09-06 15:57:41	210903150902	119	"OK"	""	0.5382
2021-09-06 16:20:23	210903149703	119	"OK"	""	0.5196
2021-09-06 17:02:31	210901095002	116	"NG"	"A_failure"	0.125
2021-09-06 20:23:14	210901082202	116	"OK"	""	1.1
2021-09-06 20:47:13	210901081003	116	"OK"	""	0.4392
2021-09-06 21:10:19	210903039903	116	"OK"	""	0.744
2021-09-06 21:35:02	210903127903	111	"OK"	""	0.3384
2021-09-06 22:05:04	210319172703	118	"OK"	""	0.149
2021-09-06 22:40:42	210903126602	111	"OK"	""	0.552
2021-09-06 23:05:27	210901094203	116	"OK"	""	0.4098
2021-09-06 23:26:02	210901083503	116	"OK"	""	0.5184
2021-09-06 23:48:28	210903106303	111	"NG"	"A_failure"	0.525
2021-09-07 01:32:25	210902120802	111	"OK"	""	0.575
2021-09-07 01:58:49	210903031202	115	"OK"	""	0.4926
2021-09-07 02:24:01	210902129102	111	"OK"	""	0.609
2021-09-07 02:48:07	210901037603	119	"OK"	""	0.2106
2021-09-07 03:19:38	210901038303	119	"OK"	""	0.372
2021-09-07 03:42:18	210901042303	119	"OK"	""	0.002388
2021-09-07 04:08:19	210827125002	119	"OK"	""	0.03972
2021-09-07 04:28:53	210827138302	119	"OK"	""	0.3906
2021-09-07 09:04:44	210906091502	122	"OK"	""	0.434
2021-09-07 09:21:49	210903190802	116	"OK"	""	0.464
2021-09-07 09:38:53	210906100302	122	"OK"	""	0.632
2021-09-07 10:00:32	210903180602	116	"OK"	""	0.564
2021-09-07 10:18:06	210903189502	116	"NG"	"A_failure"	0.595
2021-09-07 10:47:28	210906026803	116	"OK"	""	0.05166
2021-09-07 11:10:19	210902076202	113	"OK"	""	0.411
2021-09-07 11:27:48	210906019403	116	"OK"	""	0.04716
2021-09-07 11:42:07	210906093103	122	"NG"	"A_failure"	0.0705
2021-09-07 13:10:07	210906096503	122	"OK"	""	0.649
2021-09-07 13:39:10	210906034302	111	"NG"	"A_failure"	0.09
2021-09-07 14:07:11	210906037902	111	"OK"	""	0.2568
2021-09-07 14:46:47	210904016503	111	"OK"	""	0.3474
2021-09-07 15:16:40	210906032702	111	"OK"	""	0.45
2021-09-07 15:54:18	210904021702	111	"OK"	""	0.383
2021-09-07 16:11:04	210904015103	111	"OK"	""	0.395
2021-09-07 16:30:32	210903100603	112	"OK"	""	0.21
2021-09-07 20:11:44	210903101502	112	"OK"	""	0.664
2021-09-07 20:28:16	210903105702	112	"OK"	""	0.433
2021-09-07 20:45:44	210906039602	111	"OK"	""	0.337
2021-09-07 21:01:17	210906138803	111	"OK"	""	0.737
2021-09-07 21:17:54	210903073502	115	"OK"	""	0.362
2021-09-07 21:41:39	210903069402	115	"OK"	""	0.437
2021-09-07 22:09:42	210902091702	115	"OK"	""	0.743
2021-09-07 22:41:00	210902137703	111	"OK"	""	0.693
2021-09-07 23:03:05	210901136902	111	"OK"	""	0.292
2021-09-07 23:34:00	210904026602	111	"OK"	""	0.469
2021-09-08 01:01:58	210904032702	111	"NG"	"A_failure"	0.227
2021-09-08 01:24:24	210903090703	112	"OK"	""	0.383
2021-09-08 01:48:27	210906132203	111	"OK"	""	0.1038
2021-09-08 02:10:45	210903091302	112	"OK"	""	0.6
2021-09-08 02:26:04	210906014602	116	"NG"	"A_failure"	0.524
2021-09-08 02:41:34	210903121503	111	"OK"	""	0.759
2021-09-08 03:09:59	210906080103	116	"OK"	""	0.525
2021-09-08 03:38:25	210906090002	116	"OK"	""	0.486
2021-09-08 04:00:27	210902072902	113	"OK"	""	0.587
2021-09-08 04:23:15	210902078502	113	"OK"	""	0.772
2021-09-08 09:06:48	210906077602	116	"OK"	""	0.536
2021-09-08 09:29:54	210903146503	113	"OK"	""	0.641
2021-09-08 09:59:38	210903067503	116	"OK"	""	0.395
2021-09-08 10:35:48	210903122603	111	"OK"	""	0.231
2021-09-08 11:06:45	210903049802	116	"OK"	""	0.4026
2021-09-08 11:29:23	210903062802	116	"OK"	""	0.3918
2021-09-08 13:15:33	210907043203	111	"NG"	"A_failure"	0.999
2021-09-08 14:00:35	210907043803	111	"OK"	""	0.417
2021-09-08 14:42:11	210907044503	111	"OK"	""	0.306
2021-09-08 15:07:37	210906117302	111	"OK"	""	0.09
2021-09-08 15:51:30	210906118803	111	"OK"	""	0.33
2021-09-08 16:18:30	210907029803	111	"OK"	""	0.571
2021-09-08 20:03:30	210129158503	117	"NG"	"A_failure"	0.651
2021-09-08 20:21:40	210129161402	117	"OK"	""	0.613
2021-09-08 20:36:43	210906173202	116	"OK"	""	0.4944
2021-09-08 20:52:32	210903090403	112	"OK"	""	0.372
2021-09-08 21:06:47	210902148203	112	"OK"	""	0.444
2021-09-08 21:22:31	210902147603	112	"OK"	""	0.718
2021-09-08 22:16:11	210907068603	111	"OK"	""	0.656
2021-09-08 22:37:59	210902142602	112	"OK"	""	0.801
2021-09-08 22:54:16	210907139403	111	"OK"	""	0.77
2021-09-08 23:17:04	210907136902	111	"OK"	""	0.833
2021-09-08 23:39:31	210906163002	112	"OK"	""	0.568
2021-09-09 01:04:30	210906169703	116	"OK"	""	0.466
2021-09-09 01:27:58	210907008102	116	"OK"	""	0.36
2021-09-09 01:51:27	210907060703	111	"OK"	""	0.549
2021-09-09 02:14:27	210907062803	111	"OK"	""	0.563
2021-09-09 02:36:13	210906171803	116	"OK"	""	1.26
2021-09-09 02:58:50	210907102803	116	"OK"	""	0.463
2021-09-09 03:33:35	210907049503	111	"NG"	"E_failure"	0.618
2021-09-09 03:59:02	210907152203	111	"OK"	""	0.644
2021-09-09 04:15:31	210907150402	111	"OK"	""	0.613
2021-09-09 08:52:09	210907093102	116	"OK"	""	0.3528
2021-09-09 09:09:44	210903145902	113	"OK"	""	0.49
2021-09-09 09:25:45	210907189203	116	"NG"	"E_failure"	0.755
2021-09-09 09:46:32	210907176102	116	"OK"	""	0.3792
2021-09-09 10:09:24	210903136202	113	"OK"	""	0.809
2021-09-09 10:38:08	210907187402	116	"OK"	""	0.4674
2021-09-09 10:55:08	210907101003	116	"OK"	""	0.468
2021-09-09 11:13:55	210908013602	116	"OK"	""	0.605
2021-09-09 11:38:15	210907179103	116	"OK"	""	0.485
2021-09-09 13:09:37	210908003103	116	"OK"	""	0.4152
2021-09-09 13:31:06	210907152602	111	"OK"	""	0.663
2021-09-09 13:56:22	210830067303	114	"OK"	""	0.739
2021-09-09 14:33:33	210904013603	119	"OK"	""	0.723
2021-09-09 14:57:36	210904007003	119	"OK"	""	0.783
2021-09-09 15:30:29	210904008202	119	"OK"	""	0.3954
2021-09-09 16:00:01	210907131703	111	"OK"	""	0.363
2021-09-09 16:22:00	210906003203	119	"OK"	""	0.909
2021-09-09 20:06:52	210904001203	119	"NG"	"A_failure"	0.544
2021-09-09 20:22:38	210908023603	111	"OK"	""	0.3294
2021-09-09 20:39:21	210906001802	119	"OK"	""	0.666
2021-09-09 20:55:07	210907124002	111	"OK"	""	0.291
2021-09-09 21:10:34	210904001003	119	"OK"	""	0.654
2021-09-09 21:25:44	210908032203	111	"NG"	"A_failure"	0.546
2021-09-09 21:42:02	210906008503	119	"OK"	""	0.842
2021-09-09 22:25:15	210908017703	111	"OK"	""	0.375
2021-09-09 22:47:04	210908027003	111	"OK"	""	0.41
2021-09-09 23:11:11	210908031302	111	"OK"	""	0.665
2021-09-09 23:37:52	210908066503	119	"OK"	""	0.617
2021-09-10 01:01:46	210908060203	119	"OK"	""	0.385
2021-09-10 01:23:43	210908071802	119	"OK"	""	0.288
2021-09-10 01:44:01	210907105003	113	"OK"	""	0.999
2021-09-10 02:04:42	210906076002	119	"OK"	""	0.318
2021-09-10 02:18:52	210906076803	119	"OK"	""	0.084
2021-09-10 02:32:34	210906072203	119	"OK"	""	0.4296
2021-09-10 02:54:00	210708052002	122	"OK"	""	0.842
2021-09-10 03:09:48	210819219603	122	"OK"	""	0.768
2021-09-10 03:25:33	210902113503	115	"OK"	""	0.478
2021-09-10 03:42:00	210909027403	116	"OK"	""	0.882
2021-09-10 03:56:15	210909030702	116	"OK"	""	0.1242
2021-09-10 09:05:18	210909025803	116	"OK"	""	0.566
2021-09-10 09:28:52	210908037603	111	"OK"	""	0.1032
2021-09-10 09:54:00	210908036502	111	"OK"	""	0.3564
2021-09-10 10:19:22	210909023202	116	"OK"	""	0.722
2021-09-10 10:57:37	210908089403	111	"OK"	""	0.3126
2021-09-10 11:24:15	210909029102	116	"NG"	"D_failure"	1.03
2021-09-10 11:52:31	210908105203	111	"OK"	""	0.3996
2021-09-10 13:19:13	210908093802	111	"OK"	""	0.258
2021-09-10 13:39:41	210908104703	111	"OK"	""	0.3714
2021-09-10 13:59:24	210907013702	116	"OK"	""	0.731
2021-09-10 14:22:19	210907014103	116	"OK"	""	0.655
2021-09-10 14:44:19	210909098602	116	"OK"	""	0.677
2021-09-10 15:03:32	210907013302	116	"OK"	""	0.711
2021-09-10 15:37:05	210907020702	111	"NG"	"A_failure"	0.609
2021-09-10 15:56:08	210908112803	111	"OK"	""	0.469
2021-09-10 16:15:03	210908111903	111	"OK"	""	0.384
2021-09-10 16:30:58	210907022502	111	"OK"	""	0.833
2021-09-10 20:08:08	210909098203	116	"OK"	""	0.4584
2021-09-10 20:26:14	210909116102	116	"OK"	""	0.569
2021-09-10 20:52:56	210909097002	116	"OK"	""	0.296
2021-09-10 21:30:42	210907010403	116	"NG"	"E_failure"	0.515
2021-09-10 22:49:00	210906054502	119	"OK"	""	0.224
2021-09-10 23:09:00	210906059003	119	"OK"	""	0.716
2021-09-10 23:30:26	210906054803	119	"OK"	""	0.364
2021-09-10 23:54:21	210910001302	113	"OK"	""	0.799
2021-09-11 01:18:35	210901181403	119	"OK"	""	0.688
2021-09-11 01:40:37	210910012603	113	"OK"	""	0.685
2021-09-11 02:00:15	210907116902	113	"OK"	""	0.514
2021-09-11 02:15:03	210910039902	119	"OK"	""	0.703
2021-09-11 02:29:00	210910036903	119	"OK"	""	0.4878
2021-09-11 02:50:01	210319173002	118	"NG"	"A_failure"	0.585
2021-09-11 03:12:51	210910099803	111	"OK"	""	0.303
2021-09-11 03:27:25	210910099503	111	"OK"	""	0.3546
2021-09-11 03:43:08	210909015403	111	"OK"	""	0.327
2021-09-11 04:00:46	210909011903	111	"OK"	""	0.604
2021-09-13 09:05:21	210910095202	111	"OK"	""	0.0786
2021-09-13 09:24:03	210909010603	111	"NG"	"A_failure"	0.548
2021-09-13 09:41:37	210909100203	116	"NG"	"A_failure"	0.651
2021-09-13 10:03:49	210909104203	116	"OK"	""	0.755
2021-09-13 10:32:26	210909035103	116	"OK"	""	0.1698
2021-09-13 10:49:36	210909089502	111	"NG"	"A_failure"	0.387
2021-09-13 11:29:05	210825207402	116	"OK"	""	0.47
2021-09-13 11:48:41	210825209903	116	"NG"	"A_failure"	0.3468
2021-09-13 13:08:10	210909042403	116	"OK"	""	0.512
2021-09-13 13:26:42	210909095702	111	"OK"	""	0.302
2021-09-13 13:46:50	210909034702	116	"OK"	""	0.4518
2021-09-13 14:06:56	210910076002	116	"OK"	""	0.689
2021-09-13 14:23:04	210910074902	116	"OK"	""	0.724
2021-09-13 14:38:39	210910089103	116	"OK"	""	0.608
2021-09-13 14:53:37	210910089003	116	"OK"	""	0.68
2021-09-13 15:10:46	210910068202	116	"OK"	""	0.464
2021-09-13 15:30:33	210909091703	111	"OK"	""	0.755
2021-09-13 15:46:47	210909148103	119	"OK"	""	0.68
2021-09-13 16:04:46	210908057002	119	"OK"	""	0.68
2021-09-13 16:19:03	210909065503	111	"OK"	""	0.4752
2021-09-13 16:35:54	210909146802	119	"OK"	""	0.715
2021-09-13 16:49:32	210908045203	119	"OK"	""	0.557
2021-09-13 20:11:30	210319172902	118	"NG"	"A_failure"	0.2526
2021-09-13 20:34:21	210909051002	111	"NG"	"A_failure"	0.3924
2021-09-13 20:56:25	210909143802	119	"OK"	""	0.857
2021-09-13 21:15:50	210909054303	111	"OK"	""	0.3672
2021-09-13 21:32:23	210909144603	119	"OK"	""	0.723
2021-09-13 21:50:33	210909049203	111	"OK"	""	0.308
2021-09-13 22:34:37	210910005802	113	"NG"	"A_failure"	0.375
2021-09-13 23:03:02	210910010103	113	"NG"	"C_failure"	0
2021-09-13 23:25:08	210827167803	123	"OK"	""	0.819
2021-09-13 23:51:57	210830070003	114	"OK"	""	0.351
2021-09-14 01:21:10	210830062502	114	"OK"	""	0.705
2021-09-14 01:49:58	210909109102	116	"NG"	"A_failure"	0.688
2021-09-14 02:16:18	210910138703	111	"OK"	""	0.359
2021-09-14 02:44:34	210909078703	111	"OK"	""	0.3462
2021-09-14 03:13:03	210909107002	116	"NG"	"A_failure"	0.452
2021-09-14 03:38:15	210910067902	116	"OK"	""	0.739
2021-09-14 03:53:21	210910032003	123	"OK"	""	0.698
2021-09-14 04:11:29	210910030303	123	"OK"	""	0.619
2021-09-14 04:28:52	210910030102	123	"OK"	""	0.66
2021-09-14 09:04:50	210910018902	123	"NG"	"A_failure"	1.18
2021-09-14 09:21:30	210910125103	111	"OK"	""	0.57
2021-09-14 09:38:47	210907168402	112	"OK"	""	0.624
2021-09-14 09:53:27	210910016502	123	"OK"	""	0.117
2021-09-14 10:08:49	210906162903	112	"OK"	""	0.573
2021-09-14 10:27:37	210910120503	111	"OK"	""	0.679
2021-09-14 10:43:54	210910021202	123	"OK"	""	0.4488
2021-09-14 11:08:54	210907165802	112	"OK"	""	0.756
2021-09-14 11:31:08	210910160502	119	"OK"	""	0.541
2021-09-14 11:48:07	210909135703	119	"OK"	""	0.67
2021-09-14 13:11:30	210910149603	119	"OK"	""	0.376
2021-09-14 13:30:48	210910168102	119	"NG"	"A_failure"	0.635
2021-09-14 13:45:46	210909128603	119	"OK"	""	0.999
2021-09-14 14:00:42	210910172303	119	"OK"	""	0.709
2021-09-14 14:15:29	210909144703	119	"OK"	""	0.7
2021-09-14 14:30:10	210909081002	111	"OK"	""	0.536
2021-09-14 14:46:25	210909084103	111	"OK"	""	0.45
2021-09-14 15:20:23	210907155802	112	"OK"	""	0.256
2021-09-14 15:34:15	210909005002	111	"OK"	""	0.858
2021-09-14 15:49:33	210909002303	111	"OK"	""	0.708
2021-09-14 16:08:48	210913126403	119	"OK"	""	0.4356
2021-09-14 16:34:10	210906112503	114	"OK"	""	0.999
2021-09-14 16:50:57	210906105802	114	"OK"	""	0.626
2021-09-14 20:13:26	210909008203	111	"OK"	""	0.425
2021-09-14 20:28:48	210913115702	119	"OK"	""	0.79
2021-09-14 20:46:10	210914026102	119	"OK"	""	0.59
2021-09-14 21:04:14	210913013902	111	"OK"	""	0.687
2021-09-14 21:19:33	210913016403	111	"OK"	""	0.585
2021-09-14 21:33:35	210913017203	111	"OK"	""	0.357
2021-09-14 21:49:58	210909130003	119	"OK"	""	0.4548
2021-09-14 22:18:36	210909137203	119	"OK"	""	0.999
2021-09-14 22:34:56	210913085202	112	"OK"	""	0.733
2021-09-14 22:52:01	210913083702	112	"OK"	""	0.79
2021-09-14 23:08:09	210913043403	111	"OK"	""	0.333
2021-09-14 23:22:23	210913042102	111	"OK"	""	0.3654
2021-09-14 23:37:18	210319173002	118	"NG"	"A_failure"	0.696
2021-09-14 23:58:37	210907080402	116	"OK"	""	0.785
2021-09-15 01:22:50	210907080803	116	"OK"	""	0.675
2021-09-15 01:41:02	210908083402	113	"OK"	""	0.4188
2021-09-15 02:08:17	210907078402	116	"OK"	""	0.595
2021-09-15 02:31:17	210907086103	116	"OK"	""	0.274
2021-09-15 02:51:50	210913064002	123	"NG"	"A_failure"	0.517
2021-09-15 03:24:11	210910108902	123	"OK"	""	0.829
2021-09-15 03:51:27	210910109002	123	"OK"	""	0.698
2021-09-15 04:07:36	210914020303	119	"OK"	""	0.4152
2021-09-15 04:25:33	210914026703	119	"OK"	""	0.615
2021-09-15 09:04:16	210913008903	111	"OK"	""	0.417
2021-09-15 09:27:19	210913000202	111	"OK"	""	0.4014
2021-09-15 09:43:27	210914006002	111	"OK"	""	0.3732
2021-09-15 10:00:59	210602389103	124	"OK"	""	0.5376
2021-09-15 10:15:05	210914012503	111	"OK"	""	0.505
2021-09-15 10:46:21	210913099502	119	"OK"	""	0.4128
2021-09-15 11:06:14	210914096303	119	"OK"	""	0.753
2021-09-15 11:19:33	210910172902	119	"OK"	""	0.4218
2021-09-15 11:33:44	210914087102	119	"OK"	""	0.4392
2021-09-15 11:48:12	210913087402	119	"OK"	""	0.532
2021-09-15 13:02:34	210913098303	119	"OK"	""	0.809
2021-09-15 13:22:15	210913009103	111	"OK"	""	0.737
2021-09-15 13:37:09	210913104402	119	"OK"	""	0.738
2021-09-15 13:53:23	210913020802	111	"OK"	""	0.4314
2021-09-15 14:07:16	210914076502	119	"OK"	""	0.64
2021-09-15 14:22:09	210914089603	119	"OK"	""	0.631
2021-09-15 14:35:45	210909069303	114	"OK"	""	0.4866
2021-09-15 14:53:05	210913132302	112	"OK"	""	0.698
2021-09-15 15:11:23	210914187602	119	"OK"	""	0.5562
2021-09-15 15:27:53	210914186202	119	"OK"	""	0.5226
2021-09-15 15:45:42	210914176002	119	"OK"	""	0.261
2021-09-15 16:07:24	210914179002	119	"OK"	""	0.345
2021-09-15 16:23:20	210915023102	112	"OK"	""	0.777
2021-09-15 16:38:04	210914159103	111	"OK"	""	0.324
2021-09-15 16:53:14	210914161002	111	"OK"	""	0.58
2021-09-15 20:15:57	210915027303	112	"OK"	""	0.438
2021-09-15 20:31:17	210915023703	112	"OK"	""	0.4638
2021-09-15 20:47:43	210914159403	111	"OK"	""	0.376
2021-09-15 21:05:52	210913052703	123	"OK"	""	0.829
2021-09-15 21:21:32	210910060202	116	"OK"	""	0.79
2021-09-15 21:35:48	210914008702	111	"OK"	""	0.452
2021-09-15 21:57:01	210910058703	116	"NG"	"E_failure"	0.226
2021-09-15 22:33:03	210910055203	116	"NG"	"D_failure"	0.323
2021-09-15 22:56:15	210910051203	116	"OK"	""	0.656
2021-09-15 23:20:23	210914008602	111	"OK"	""	0.445
2021-09-15 23:41:25	210913057703	123	"OK"	""	0.792
2021-09-16 01:20:33	210914121003	123	"OK"	""	0.77
2021-09-16 01:48:32	210914153102	111	"OK"	""	0.3378
2021-09-16 02:11:31	210914149802	111	"OK"	""	0.324
2021-09-16 02:30:14	210914148602	111	"NG"	"A_failure"	0.655
2021-09-16 02:53:25	210913107003	119	"OK"	""	0.754
2021-09-16 03:12:28	210914181003	119	"OK"	""	0.745
2021-09-16 03:39:01	210915057803	111	"OK"	""	0.2454
2021-09-16 03:56:23	210915052402	111	"OK"	""	0.54
2021-09-16 04:14:01	210914125202	123	"OK"	""	0.706
2021-09-16 08:35:38	210319172703	118	"NG"	"A_failure"	0.527
2021-09-16 09:04:46	210914122702	123	"OK"	""	0.999
2021-09-16 09:19:06	210914123303	123	"OK"	""	0.623
2021-09-16 09:34:19	210914060602	119	"OK"	""	0.5244
2021-09-16 09:48:46	210913108802	119	"OK"	""	0.517
2021-09-16 10:03:04	210914195103	123	"OK"	""	0.764
2021-09-16 10:19:56	210914192803	123	"OK"	""	0.999
2021-09-16 10:38:34	210914043503	111	"OK"	""	0.3864
2021-09-16 11:05:01	210913032203	111	"OK"	""	0.438
2021-09-16 11:19:47	210915096902	123	"OK"	""	0.8
2021-09-16 11:34:42	210915130902	119	"OK"	""	0.709
2021-09-16 11:49:45	210915127403	119	"OK"	""	0.876
2021-09-16 13:14:56	210913037402	111	"OK"	""	0.3762
2021-09-16 13:37:53	210915126402	119	"OK"	""	0.999
2021-09-16 13:59:09	210909071302	114	"OK"	""	0.516
2021-09-16 14:15:20	210914039702	114	"OK"	""	1.08
2021-09-16 14:29:43	210913036303	111	"OK"	""	0.4248
2021-09-16 14:44:45	210913072603	112	"OK"	""	0.645
2021-09-16 15:09:17	210913029202	111	"NG"	"A_failure"	0.19
2021-09-16 15:31:30	210915036703	112	"OK"	""	0.82
2021-09-16 15:47:21	210915082902	111	"OK"	""	0.387
2021-09-16 16:10:44	210914136903	116	"OK"	""	0.808
2021-09-16 16:27:54	210915086903	111	"OK"	""	0.3846
2021-09-16 16:44:36	210915092503	111	"OK"	""	0.4014
2021-09-16 20:11:43	210915070802	116	"OK"	""	0.1986
2021-09-16 20:55:44	210908078103	113	"NG"	"C_failure"	0
2021-09-16 21:37:59	210914107402	113	"OK"	""	0.489
2021-09-16 22:31:56	210914078803	119	"OK"	""	0.4722
2021-09-16 22:53:37	210915128303	119	"OK"	""	0.321
2021-09-16 23:14:48	210914081903	119	"OK"	""	0.482
2021-09-16 23:38:58	210906156702	122	"OK"	""	0.4266
2021-09-17 01:07:21	210915102602	123	"OK"	""	0.176
2021-09-17 01:48:13	210914202602	119	"OK"	""	0.399
2021-09-17 02:12:38	210914208803	119	"NG"	"A_failure"	0.4344
2021-09-17 02:33:27	210915020603	119	"OK"	""	0.373
2021-09-17 02:59:58	210915020302	119	"OK"	""	0.322
2021-09-17 03:32:05	210915091302	111	"OK"	""	0.302
2021-09-17 03:46:58	210914211302	119	"OK"	""	0.651
2021-09-17 04:04:01	210915187402	123	"OK"	""	0.4368
2021-09-17 04:20:25	210915145002	111	"OK"	""	0.664
2021-09-17 08:54:41	210916005903	111	"OK"	""	0.1434
2021-09-17 09:10:38	210915156302	111	"OK"	""	0.3846
2021-09-17 09:28:04	210915156503	111	"OK"	""	0.4212
2021-09-17 09:51:39	210916006403	111	"OK"	""	0.2112
2021-09-17 10:08:31	210915146102	111	"OK"	""	0.251
2021-09-17 10:38:21	210915148502	111	"OK"	""	0.207
2021-09-17 10:52:57	210915162302	119	"OK"	""	0.3876
2021-09-17 11:07:43	210915042402	123	"OK"	""	0.777
2021-09-17 11:21:22	210915045402	123	"OK"	""	0.773
2021-09-17 11:36:53	210916143603	119	"OK"	""	0.4062
2021-09-17 11:51:06	210916140703	119	"OK"	""	0.447
2021-09-17 13:12:32	210916152003	111	"OK"	""	0.4644
2021-09-17 13:36:27	210915011602	119	"OK"	""	0.6
2021-09-17 13:56:17	210915168703	119	"OK"	""	0.894
2021-09-17 14:10:36	210916153402	111	"OK"	""	0.4566
2021-09-17 14:29:29	210915066903	116	"OK"	""	1.22
2021-09-17 14:45:00	210319173102	118	"NG"	"A_failure"	0.224
2021-09-17 15:06:24	210915060302	116	"OK"	""	0.183
2021-09-17 15:22:58	210916157102	111	"NG"	"A_failure"	0.999
2021-09-17 15:40:10	210916126903	116	"OK"	""	0.496
2021-09-17 15:58:16	210915182103	114	"OK"	""	0.5256
2021-09-17 16:12:10	210916163803	111	"OK"	""	0.645
2021-09-17 16:27:05	210916146503	111	"OK"	""	0.318
2021-09-17 16:43:31	210914117202	113	"OK"	""	0.3738
2021-09-17 20:18:38	210916164002	111	"OK"	""	0.01
2021-09-17 20:34:37	210916086502	119	"OK"	""	0.675
2021-09-17 20:56:43	210916092202	119	"OK"	""	0.733
2021-09-17 21:22:04	210916135903	119	"OK"	""	0.795
2021-09-17 21:45:14	210824043903	120	"OK"	""	0.182
2021-09-17 22:22:30	210915039902	112	"OK"	""	0.561
2021-09-17 22:40:27	210916039102	119	"OK"	""	0.4602
2021-09-17 22:56:18	210916045502	119	"OK"	""	0.474
2021-09-17 23:17:41	210916094403	119	"OK"	""	0.737
2021-09-18 01:02:09	210916016902	111	"NG"	"A_failure"	0.999
2021-09-18 01:39:46	210916014802	111	"OK"	""	0.494
2021-09-18 01:54:42	210916017903	111	"NG"	"E_failure"	0.87
2021-09-18 02:22:43	210916112203	111	"OK"	""	0.4506
2021-09-18 02:44:41	210916017203	111	"OK"	""	0.174
2021-09-18 03:12:14	210916013802	111	"NG"	"A_failure"	0.743
2021-09-18 03:43:31	210917013103	119	"OK"	""	0.478
2021-09-20 08:49:03	210916047802	119	"OK"	""	0.595
2021-09-20 09:03:10	210916046303	119	"OK"	""	0.615
2021-09-20 09:18:50	210916059003	111	"OK"	""	0.94
2021-09-20 09:36:01	210916053302	111	"OK"	""	0.381
2021-09-20 09:51:14	210916050403	111	"OK"	""	0.4368
2021-09-20 10:06:49	210917024202	119	"OK"	""	1.1
2021-09-20 10:42:46	210917118703	119	"OK"	""	0.703
2021-09-20 11:05:38	210917012302	119	"OK"	""	0.702
2021-09-20 11:27:08	210917053203	119	"OK"	""	0.717
2021-09-20 11:48:18	210917111502	119	"OK"	""	0.692
2021-09-20 13:21:39	210917118002	119	"OK"	""	0.764
2021-09-20 14:07:36	210826222402	125	"OK"	""	0.85
2021-09-20 14:53:23	210917055502	119	"OK"	""	0.503
2021-09-20 15:23:33	210826105403	125	"OK"	""	0.684
2021-09-20 15:42:49	210917052502	119	"OK"	""	0.569
2021-09-20 15:57:15	210826103003	125	"OK"	""	0.999
2021-09-20 16:13:47	210917055002	119	"OK"	""	0.857
2021-09-20 16:27:48	210917038902	119	"OK"	""	0.573
2021-09-20 16:45:01	210916065103	111	"OK"	""	0.677
2021-09-20 20:11:49	210916062903	111	"OK"	""	0.562
2021-09-20 20:28:16	210915197102	112	"OK"	""	0.5646
2021-09-20 20:50:31	210915202603	112	"OK"	""	0.4554
2021-09-20 21:17:06	210917136102	111	"OK"	""	0.549
2021-09-20 21:40:36	210917130602	111	"OK"	""	0.801
2021-09-20 22:28:27	210915201502	112	"OK"	""	0.686
2021-09-20 22:48:18	210917129903	111	"OK"	""	0.528
2021-09-20 23:04:43	210917143003	112	"OK"	""	0.611
2021-09-20 23:21:08	210531100603	124	"OK"	""	0.813
2021-09-20 23:37:45	210917121002	111	"OK"	""	0.516
2021-09-20 23:53:56	210914100903	124	"OK"	""	0.833
2021-09-21 01:11:38	210920003903	112	"OK"	""	0.4986
2021-09-21 01:28:34	210920003402	112	"OK"	""	0.2334
2021-09-21 01:44:36	210917124903	111	"OK"	""	0.747
2021-09-21 02:06:59	210917086502	111	"OK"	""	0.816
2021-09-21 02:22:18	210917079702	111	"NG"	"A_failure"	0.78
2021-09-21 02:42:54	210920012602	112	"OK"	""	0.605
2021-09-21 03:12:06	210918004102	112	"OK"	""	0.561
2021-09-21 03:28:50	210917079603	111	"OK"	""	0.67
2021-09-21 03:44:30	210917095203	111	"OK"	""	0.4686
2021-09-21 04:01:06	210917078603	111	"OK"	""	0.676
2021-09-21 04:18:20	210920035102	111	"OK"	""	0.831
2021-09-21 08:51:36	210319172703	118	"NG"	"A_failure"	0.486
2021-09-21 09:19:24	210916118602	116	"OK"	""	0.543
2021-09-21 09:45:21	210916118102	116	"OK"	""	0.565
2021-09-21 10:11:13	210920039603	111	"NG"	"A_failure"	0.4014
2021-09-21 10:47:55	210916131102	116	"OK"	""	0.523
2021-09-21 11:10:52	210827012303	125	"OK"	""	0.5436
2021-09-21 11:33:18	210129152602	117	"OK"	""	0.4368
2021-09-21 11:57:44	210827017103	125	"OK"	""	0.724
2021-09-21 13:40:09	210827005602	125	"OK"	""	0.624
2021-09-21 14:05:50	210827003702	125	"OK"	""	0.608
2021-09-21 14:29:24	210916100102	114	"OK"	""	0.4992
2021-09-21 14:55:52	210920034502	111	"OK"	""	0.4476
2021-09-21 15:37:26	210918030802	116	"OK"	""	0.385
2021-09-21 16:05:31	210920069403	111	"NG"	"A_failure"	0.4746
2021-09-21 16:33:29	210917002403	111	"OK"	""	0.5244
2021-09-21 20:01:58	210319173102	118	"OK"	""	1.26
2021-09-21 20:23:09	210920014403	112	"OK"	""	0.675
2021-09-21 20:39:11	210920075203	111	"OK"	""	0.462
2021-09-21 20:55:00	210917075002	112	"OK"	""	1.21
2021-09-21 21:18:24	210920015002	112	"OK"	""	0.825
2021-09-21 21:32:28	210917071102	112	"OK"	""	0.869
2021-09-21 21:59:14	210915216903	113	"OK"	""	0.4818
2021-09-21 22:29:53	210920111602	112	"NG"	"A_failure"	0.445
2021-09-21 22:47:34	210917074503	112	"OK"	""	0.525
2021-09-21 23:04:14	210920110703	112	"OK"	""	0.559
2021-09-21 23:19:37	210319172803	118	"NG"	"A_failure"	0.672
2021-09-21 23:39:25	210920106002	112	"OK"	""	0.685
2021-09-22 01:02:55	210824042903	120	"NG"	"A_failure"	0.4422
2021-09-22 01:24:41	210903177402	120	"OK"	""	0.538
2021-09-22 01:52:53	210805234202	126	"OK"	""	0.795
2021-09-22 02:21:15	210918029803	116	"OK"	""	0.405
2021-09-22 02:50:09	210918032503	116	"OK"	""	0.44
2021-09-22 03:20:18	210918028802	116	"NG"	"A_failure"	0.624
2021-09-22 03:39:39	210916032003	116	"OK"	""	0.5592
2021-09-22 03:54:54	210921040203	111	"NG"	"E_failure"	0.529
2021-09-22 04:10:04	210916028303	116	"OK"	""	0.4842
2021-09-22 04:27:32	210921036403	111	"OK"	""	0.632
2021-09-22 09:07:39	210921048903	112	"OK"	""	0.475
2021-09-22 09:33:10	210921044503	112	"OK"	""	0.451
2021-09-22 09:56:08	210916032402	116	"OK"	""	0.724
2021-09-22 10:18:28	210916021303	116	"OK"	""	0.486
2021-09-22 10:42:29	210921044102	112	"OK"	""	0.5532
2021-09-22 10:58:45	210921084603	112	"NG"	"A_failure"	0.803
2021-09-22 11:15:20	210921008902	112	"OK"	""	0.557
2021-09-22 11:31:45	210921025602	111	"OK"	""	0.696
2021-09-22 11:47:10	210921008003	112	"OK"	""	0.5862
2021-09-22 13:12:50	210922012602	112	"NG"	"C_failure"	0
2021-09-22 13:40:39	210922015803	112	"OK"	""	0.999
2021-09-22 14:06:24	210920079002	111	"OK"	""	0.782
2021-09-22 14:41:01	210920082002	111	"OK"	""	0.352
2021-09-22 14:58:20	210920079903	111	"OK"	""	0.5772
2021-09-22 15:42:05	210915116702	119	"OK"	""	0.5706
2021-09-22 16:03:35	210918024203	119	"OK"	""	0.5
2021-09-22 16:27:39	210918016603	119	"OK"	""	0.504
2021-09-22 16:52:19	210917057603	119	"OK"	""	0.618
2021-09-22 20:13:18	210916076002	119	"OK"	""	1.1
2021-09-22 20:37:32	210916072003	119	"OK"	""	0.886
2021-09-22 20:50:54	210915115103	119	"OK"	""	0.5496
2021-09-22 21:05:28	210916078002	119	"OK"	""	1.25
2021-09-22 21:18:59	210915115102	119	"OK"	""	0.999
2021-09-22 21:32:20	210916076803	119	"OK"	""	0.915
2021-09-22 21:45:42	210918010503	119	"OK"	""	0.624
2021-09-22 22:20:06	210826108203	125	"OK"	""	0.865
2021-09-22 22:36:39	210922006203	125	"OK"	""	0.558
2021-09-22 22:50:29	210922008602	125	"OK"	""	0.5202
2021-09-22 23:08:13	210827031302	125	"OK"	""	0.999
2021-09-22 23:29:31	210922023102	112	"OK"	""	0.914
2021-09-22 23:49:28	210920045602	114	"OK"	""	0.573
2021-09-23 01:19:00	210921087103	112	"OK"	""	0.822
2021-09-23 01:37:18	210921083303	112	"OK"	""	0.5232
2021-09-23 01:53:48	210920077302	111	"OK"	""	0.999
2021-09-23 02:09:23	210920076902	111	"NG"	"E_failure"	0.618
2021-09-23 02:25:24	210915206402	113	"OK"	""	0.937
2021-09-23 02:43:43	210921062503	116	"NG"	"A_failure"	0.535
2021-09-23 03:07:25	210921110903	111	"NG"	"A_failure"	0.606
2021-09-23 03:27:38	210819212102	122	"OK"	""	1.21
2021-09-23 03:48:33	210319173102	118	"NG"	"A_failure"	0.476
2021-09-23 04:03:32	210921011702	116	"OK"	""	0.894
2021-09-23 04:17:43	210921066003	116	"OK"	""	0.999
2021-09-23 08:49:49	210921111902	111	"OK"	""	0.4854
2021-09-23 09:05:03	210921095103	111	"OK"	""	0.874
2021-09-23 09:21:43	210922034302	112	"OK"	""	0.683
2021-09-23 09:38:08	210921102802	111	"NG"	"A_failure"	0.485
2021-09-23 09:55:25	210921062403	116	"OK"	""	0.5628
2021-09-23 10:09:37	210921011403	116	"OK"	""	0.529
2021-09-23 10:26:51	210917046102	119	"OK"	""	0.643
2021-09-23 10:53:16	210922056502	119	"OK"	""	0.483
2021-09-23 11:08:31	210922063203	119	"OK"	""	0.781
2021-09-23 11:23:30	210922053702	119	"OK"	""	0.758
2021-09-23 11:38:52	210921099002	111	"OK"	""	0.732
2021-09-23 11:56:12	210918044803	111	"OK"	""	0.5478
2021-09-23 12:23:01	210921115403	111	"OK"	""	0.513
2021-09-23 13:11:50	210917098902	111	"OK"	""	0.5568
2021-09-23 13:38:16	210917104702	111	"OK"	""	0.5454
2021-09-23 14:01:41	210918042803	111	"NG"	"C_failure"	0
2021-09-23 14:20:24	210922030403	112	"OK"	""	0.4374
2021-09-23 14:43:27	210319173002	118	"NG"	"A_failure"	0.306
2021-09-23 15:10:55	210921096702	111	"OK"	""	0.474
2021-09-23 15:31:14	210921161803	119	"OK"	""	0.611
2021-09-23 15:48:18	210921161402	119	"OK"	""	0.508
2021-09-23 16:08:48	210921124402	119	"OK"	""	0.4968
2021-09-23 16:22:19	210921153102	119	"OK"	""	0.632
2021-09-23 16:36:01	210921156102	119	"OK"	""	0.569
2021-09-23 16:51:49	210920044202	114	"OK"	""	0.3576
2021-09-23 17:07:01	210827036302	125	"OK"	""	0.434
2021-09-23 17:43:38	210920051102	114	"OK"	""	0.422
2021-09-23 17:59:01	210827027603	125	"OK"	""	0.514
2021-09-23 18:15:40	210319173102	118	"NG"	"A_failure"	0.604
2021-09-23 20:13:46	210827036002	125	"OK"	""	0.495
2021-09-23 20:28:56	210922042903	112	"OK"	""	0.407
2021-09-23 20:43:52	210922045703	112	"OK"	""	0.527
2021-09-23 20:57:51	210923005603	111	"OK"	""	0.322
2021-09-23 21:12:45	210923020602	111	"OK"	""	0.512
2021-09-23 21:27:05	210922108303	116	"OK"	""	0.5802
2021-09-23 21:40:14	210922100102	116	"OK"	""	0.5676
2021-09-23 21:58:45	210922103103	116	"OK"	""	0.558
2021-09-23 22:40:28	210922117103	112	"OK"	""	0.835
2021-09-23 23:01:39	210922115702	112	"OK"	""	0.486
2021-09-23 23:18:01	210923039803	116	"OK"	""	0.604
2021-09-23 23:35:34	210921064503	116	"OK"	""	0.5736
2021-09-23 23:50:17	210922105102	116	"OK"	""	0.767
2021-09-24 01:06:05	210922101803	116	"OK"	""	0.388
2021-09-24 01:21:17	210923096402	119	"OK"	""	0.186
2021-09-24 01:35:42	210915206802	113	"OK"	""	0.731
2021-09-24 01:54:39	210915208003	113	"OK"	""	0.357
2021-09-24 02:09:00	210923105002	119	"OK"	""	0.597
2021-09-24 02:24:33	210921124403	119	"OK"	""	0.999
2021-09-24 02:42:05	210903164703	120	"OK"	""	0.5202
2021-09-24 02:56:59	210903165603	120	"OK"	""	0.456
2021-09-24 03:19:59	210903166003	120	"NG"	"A_failure"	0.426
2021-09-24 03:42:19	210923098702	119	"OK"	""	0.373
2021-09-24 03:57:22	210922181702	111	"OK"	""	0.291
2021-09-24 04:11:12	210923135502	119	"OK"	""	0.502
2021-09-24 04:25:46	210923136102	119	"OK"	""	0.583
2021-09-24 09:00:27	210922175103	111	"OK"	""	0.286
2021-09-24 09:15:42	210923017503	111	"NG"	"E_failure"	0.395
2021-09-24 09:31:31	210922177102	111	"OK"	""	0.4698
2021-09-24 09:52:28	210922144603	112	"OK"	""	0.379
2021-09-24 10:07:31	210922144503	112	"OK"	""	0.558
2021-09-24 10:23:12	210923117003	112	"OK"	""	0.394
2021-09-24 10:53:48	210923000203	111	"OK"	""	0.69
2021-09-24 11:11:11	210922177403	111	"NG"	"D_failure"	0.237
2021-09-24 11:28:52	210922080803	114	"OK"	""	0.677
2021-09-24 11:45:45	210922074702	114	"OK"	""	0.721
2021-09-24 13:08:43	210923093402	111	"OK"	""	0.4524
2021-09-24 13:31:42	210923090602	111	"OK"	""	0.378
2021-09-24 13:53:25	210923066903	111	"OK"	""	0.999
2021-09-24 14:14:15	210923092703	111	"NG"	"E_failure"	0.424
2021-09-24 14:35:44	210923061902	111	"OK"	""	0.5334
2021-09-24 14:50:38	210827025903	125	"OK"	""	0.733
2021-09-24 15:26:33	210920104303	125	"OK"	""	0.445
2021-09-24 15:52:43	210923086103	111	"OK"	""	0.412
2021-09-24 16:22:40	210923081702	111	"OK"	""	0.399
2021-09-24 20:03:28	210923114802	112	"OK"	""	0.625
2021-09-24 20:21:39	210923117402	112	"OK"	""	0.49
2021-09-24 20:38:56	210923073502	111	"OK"	""	0.3294
2021-09-24 20:57:57	210923077403	111	"NG"	"A_failure"	0.3924
2021-09-24 21:24:26	210923051503	116	"OK"	""	0.5232
2021-09-24 21:45:40	210923051703	116	"OK"	""	0.507
2021-09-24 22:17:40	210923045403	116	"OK"	""	0.4878
2021-09-24 22:53:04	210924078203	111	"OK"	""	0.256
2021-09-24 23:07:37	210923047803	116	"NG"	"A_failure"	0.4734
2021-09-24 23:22:03	210924072702	111	"OK"	""	0.561
2021-09-24 23:36:33	210923124803	112	"OK"	""	1.07
2021-09-24 23:50:43	210923037003	116	"OK"	""	0.3816
2021-09-25 01:07:58	210923123703	112	"OK"	""	0.373
2021-09-25 01:22:13	210924073003	111	"OK"	""	0.441
2021-09-25 01:36:11	210923182902	111	"OK"	""	0.577
2021-09-25 01:49:47	210923179602	111	"OK"	""	0.537
2021-09-25 02:03:53	210921134202	119	"OK"	""	0.743
2021-09-25 02:19:24	210923074102	111	"OK"	""	0.371
2021-09-25 02:32:41	210923131803	119	"OK"	""	0.4506
2021-09-25 02:48:27	210923137203	119	"OK"	""	0.5082
2021-09-25 03:12:54	210923214203	119	"OK"	""	0.556
2021-09-25 03:28:51	210922086402	119	"OK"	""	0.5142
2021-09-25 03:43:07	210924076103	111	"OK"	""	0.28
2021-09-25 03:57:36	210923199102	119	"OK"	""	0.476
2021-09-25 04:11:33	210922085802	119	"OK"	""	0.432
2021-09-27 08:59:38	210923179302	111	"OK"	""	0.457
2021-09-27 09:14:01	210922084002	119	"OK"	""	0.76
2021-09-27 09:27:23	210924133603	112	"OK"	""	0.4
2021-09-27 09:40:53	210924136003	112	"OK"	""	0.83
2021-09-27 09:55:35	210923206803	119	"OK"	""	0.3546
2021-09-27 10:10:35	210924135303	112	"OK"	""	0.507
2021-09-27 10:24:49	210924136803	112	"OK"	""	1.03
2021-09-27 11:03:25	210922152503	114	"OK"	""	0.4386
2021-09-27 11:20:33	210924145302	112	"OK"	""	0.686
2021-09-27 11:34:18	210923186303	114	"OK"	""	0.713
2021-09-27 11:49:36	210920020703	113	"OK"	""	0.4686
2021-09-27 13:13:47	210920092203	125	"OK"	""	0.346
2021-09-27 13:38:45	210923166703	111	"OK"	""	0.685
2021-09-27 14:01:55	210923166802	111	"OK"	""	0.358
2021-09-27 14:28:58	210923172103	111	"OK"	""	0.999
2021-09-27 14:50:04	210921169603	125	"OK"	""	0.53
2021-09-27 15:22:45	210921165702	125	"NG"	"A_failure"	0.418
2021-09-27 15:53:21	210924143703	112	"OK"	""	0.703
2021-09-27 16:15:29	210924128603	112	"OK"	""	0.671
2021-09-27 16:38:53	210924120502	112	"OK"	""	0.545
2021-09-27 20:09:12	210924141703	112	"NG"	"A_failure"	1.16
2021-09-27 20:28:42	210924144903	112	"OK"	""	0.825
2021-09-27 20:53:07	210924090003	111	"OK"	""	0.721
2021-09-27 21:20:16	210924020703	116	"OK"	""	0.4812
2021-09-27 21:44:05	210923220102	119	"OK"	""	0.866
2021-09-27 22:06:09	210924017603	116	"OK"	""	0.5598
2021-09-27 22:43:19	210924022203	116	"OK"	""	0.4794
2021-09-27 23:05:07	210917031402	119	"OK"	""	0.29
2021-09-27 23:29:03	210129149203	117	"OK"	""	0.393
2021-09-27 23:51:43	210924013603	116	"OK"	""	0.4344
2021-09-28 01:16:11	210917026403	119	"OK"	""	0.352
2021-09-28 01:40:43	210917024902	119	"OK"	""	0.219
2021-09-28 02:05:33	210924116202	112	"OK"	""	0.458
2021-09-28 02:28:35	210917030903	119	"OK"	""	0.4638
2021-09-28 02:49:42	210924119002	112	"OK"	""	0.01
2021-09-28 03:05:37	210924025003	116	"OK"	""	0.999
2021-09-28 03:42:13	210924010602	116	"OK"	""	0.4308
2021-09-28 03:57:14	210806003803	127	"OK"	""	0.464
2021-09-28 04:12:26	210806004002	127	"OK"	""	0.39
2021-09-28 04:29:31	210923190302	114	"OK"	""	0.463
2021-09-28 08:59:33	210924183102	114	"OK"	""	0.539
2021-09-28 09:17:13	210923162702	111	"OK"	""	0.3672
2021-09-28 09:40:31	210924232003	112	"OK"	""	0.568
2021-09-28 09:56:13	210923154603	111	"OK"	""	0.423
2021-09-28 10:35:55	210924111002	112	"OK"	""	0.534
2021-09-28 10:54:56	210924168802	111	"OK"	""	0.465
2021-09-28 11:17:47	210924169602	111	"OK"	""	0.25
2021-09-28 11:32:33	210924175302	111	"OK"	""	0.57
2021-09-28 11:47:54	210925035302	119	"OK"	""	0.537
2021-09-28 13:11:04	210924151902	111	"NG"	"A_failure"	0.41
2021-09-28 13:29:21	210924151503	111	"OK"	""	0.316
2021-09-28 13:46:56	210924156803	111	"OK"	""	0.598
2021-09-28 14:01:55	210925051002	119	"OK"	""	0.459
2021-09-28 14:20:01	210924174502	111	"OK"	""	0.316
2021-09-28 14:36:28	210924160503	111	"NG"	"A_failure"	0.355
2021-09-28 14:54:42	210924170002	111	"OK"	""	0.345
2021-09-28 15:31:14	210924189103	125	"OK"	""	0.306
2021-09-28 15:55:10	210924199803	125	"OK"	""	0.281
2021-09-28 16:21:15	210924166103	111	"OK"	""	0.367
2021-09-28 16:41:42	210924201802	125	"OK"	""	0.247
2021-09-28 20:16:59	210924214602	116	"OK"	""	0.551
2021-09-28 20:39:13	210925014902	116	"OK"	""	0.483
2021-09-28 21:02:25	210927034702	111	"OK"	""	0.4518
2021-09-28 21:24:45	210924044402	125	"NG"	"A_failure"	0.285
2021-09-28 21:42:36	210924043202	125	"OK"	""	0.627
2021-09-28 21:57:32	210924194602	125	"OK"	""	0.57
2021-09-28 22:25:35	210927033203	111	"OK"	""	0.379
2021-09-28 22:48:31	210927027603	111	"OK"	""	0.462
2021-09-28 23:13:37	210924220303	112	"OK"	""	0.549
2021-09-28 23:37:14	210927035402	111	"OK"	""	0.4818
2021-09-29 01:01:15	210925005502	112	"NG"	"A_failure"	0.999
2021-09-29 01:25:16	210927027202	111	"OK"	""	0.2358
2021-09-29 01:43:32	210927100202	125	"OK"	""	0.465
2021-09-29 01:58:00	210927093403	125	"OK"	""	0.612
2021-09-29 02:12:10	210927093003	125	"OK"	""	0.433
2021-09-29 02:26:27	210925013402	116	"OK"	""	0.488
2021-09-29 02:41:45	210924207003	116	"OK"	""	0.567
2021-09-29 03:03:49	210924062902	119	"OK"	""	0.376
2021-09-29 03:32:53	210925043903	119	"OK"	""	0.4164
2021-09-29 03:47:19	210924063502	119	"OK"	""	0.683
2021-09-29 04:02:10	210924063402	119	"OK"	""	0.399
2021-09-29 04:17:22	210925024603	119	"OK"	""	0.48
2021-09-29 04:32:11	210925043203	119	"OK"	""	0.4
2021-09-29 04:45:41	210927070702	112	"OK"	""	0.5172
2021-09-29 05:01:28	210319173102	118	"NG"	"A_failure"	0.358
2021-09-29 05:33:11	210927063202	112	"OK"	""	0.507
2021-09-29 05:51:50	210927078303	112	"OK"	""	0.404
2021-09-29 09:00:50	210805214403	126	"OK"	""	0.4578
2021-09-29 09:18:05	210805216202	126	"OK"	""	0.363
2021-09-29 09:35:08	210924185802	114	"OK"	""	0.3042
2021-09-29 09:49:25	210928014803	111	"OK"	""	0.466
2021-09-29 10:05:03	210927100702	125	"OK"	""	0.369
2021-09-29 10:34:31	210924104202	119	"OK"	""	0.295
2021-09-29 11:03:47	210925024702	119	"OK"	""	0.4266
2021-09-29 11:20:11	210928105303	119	"NG"	"A_failure"	0.353
2021-09-29 11:34:26	210928145602	111	"OK"	""	0.00999
2021-09-29 11:48:27	210319172703	118	"NG"	"A_failure"	0.151
2021-09-29 13:26:11	210928122002	111	"OK"	""	0.179
2021-09-29 13:51:07	210928140103	111	"NG"	"A_failure"	0.203
2021-09-29 14:18:43	210928141003	111	"OK"	""	0.645
2021-09-29 14:42:30	210928142303	111	"OK"	""	0.44
2021-09-29 15:16:33	210929048202	111	"OK"	""	0.609
2021-09-29 15:31:38	210929007103	125	"OK"	""	0.271
2021-09-29 15:45:56	210925031902	119	"OK"	""	0.5508
2021-09-29 16:00:33	210922065703	125	"OK"	""	0.386
2021-09-29 16:16:38	210922067202	125	"OK"	""	0.999
2021-09-29 16:30:32	210928190303	125	"OK"	""	0.127
2021-09-29 16:45:08	210922066103	125	"OK"	""	0.483
2021-09-29 17:03:34	210319172903	118	"NG"	"A_failure"	0.3192
2021-09-29 20:21:09	210928000503	116	"OK"	""	0.408
2021-09-29 20:35:36	210928006102	116	"OK"	""	0.381
2021-09-29 20:53:22	210929039102	111	"OK"	""	0.245
2021-09-29 21:08:06	210927074002	112	"OK"	""	0.4722
2021-09-29 21:24:40	210929040202	111	"OK"	""	0.475
2021-09-29 21:44:28	210928184803	111	"OK"	""	1.28
2021-09-29 21:59:48	210928057402	112	"OK"	""	0.4302
2021-09-29 22:23:36	210928061002	112	"NG"	"A_failure"	0.5046
2021-09-29 22:45:06	210928093502	119	"OK"	""	0.4932
2021-09-29 23:01:54	210928105502	119	"OK"	""	0.4602
2021-09-29 23:17:38	210928088202	119	"OK"	""	0.4542
2021-09-29 23:34:52	210928150902	112	"OK"	""	0.384
2021-09-29 23:51:44	210927047703	119	"OK"	""	0.472
2021-09-30 01:05:11	210928152802	112	"OK"	""	0.337
2021-09-30 01:30:20	210928038602	125	"OK"	""	0.19
2021-09-30 01:50:50	210928038102	125	"OK"	""	0.659
2021-09-30 02:11:12	210928173503	112	"OK"	""	0.414
2021-09-30 02:33:23	210929052802	111	"NG"	"A_failure"	0.468
2021-09-30 02:52:40	210929049702	111	"OK"	""	0.408
2021-09-30 03:14:39	210929057102	111	"OK"	""	0.2874
2021-09-30 03:32:12	210928024802	125	"OK"	""	0.247
2021-09-30 03:52:59	210924031203	120	"OK"	""	0.45
2021-09-30 04:11:57	210927010502	111	"OK"	""	0.38
2021-09-30 04:27:01	210928169503	112	"OK"	""	0.4206
2021-09-30 04:44:59	210929011703	116	"OK"	""	0.274
2021-09-30 05:02:42	210927017303	111	"OK"	""	0.435
2021-09-30 05:18:02	210928164903	112	"NG"	"A_failure"	0.396
2021-09-30 08:50:40	210929132303	111	"OK"	""	0.249
2021-09-30 09:06:20	210928059602	112	"OK"	""	0.0999
2021-09-30 09:20:07	210928174603	112	"OK"	""	0.569
2021-09-30 09:39:10	210928037402	125	"OK"	""	0.999
2021-09-30 09:58:26	210927117502	125	"OK"	""	0.723
2021-09-30 10:25:22	210929131403	111	"OK"	""	0.83
2021-09-30 10:53:14	210929142303	111	"NG"	"A_failure"	0.246
2021-09-30 11:16:33	210927016102	111	"OK"	""	0.5
2021-09-30 11:38:24	210928033403	125	"OK"	""	0.999
2021-09-30 13:24:22	210927118202	125	"OK"	""	0.0714
2021-09-30 13:39:27	210927114802	125	"OK"	""	0.42
2021-09-30 13:54:49	210929146803	111	"OK"	""	0.469
2021-09-30 14:11:58	210929157402	125	"OK"	""	0.1134
2021-09-30 14:31:35	210319173002	118	"OK"	""	0.211
2021-09-30 14:47:12	210929149903	125	"OK"	""	0.3414
2021-09-30 15:13:49	210929129103	111	"OK"	""	0.159
2021-09-30 15:32:18	210929127503	111	"OK"	""	0.379
2021-09-30 15:47:43	210930000202	111	"OK"	""	0.424
2021-09-30 16:04:32	210929122903	111	"OK"	""	0.528
2021-09-30 16:22:25	210319172803	118	"NG"	"A_failure"	0.464
2021-09-30 16:37:34	210929075703	119	"OK"	""	0.776
2021-09-30 16:51:51	210929100402	125	"OK"	""	0.2862
2021-09-30 20:15:25	210930006603	111	"OK"	""	0.1158
2021-09-30 20:32:56	210929129802	111	"OK"	""	0.408
2021-09-30 20:50:43	210930007303	111	"OK"	""	0.01758
2021-09-30 21:11:24	210928108802	116	"NG"	"E_failure"	0.431
2021-09-30 21:38:38	210929011102	116	"OK"	""	0.443
2021-09-30 21:56:52	210929064603	119	"OK"	""	0.522
2021-09-30 22:14:17	210929086102	119	"OK"	""	0.511
2021-09-30 22:39:44	210929167403	112	"OK"	""	0.437
2021-09-30 22:54:57	210928115302	116	"OK"	""	0.3498
2021-09-30 23:12:24	210929087302	125	"OK"	""	0.03066
2021-09-30 23:25:54	210929070002	119	"OK"	""	0.373
2021-09-30 23:39:50	210929068102	119	"OK"	""	0.541
2021-09-30 23:54:02	210929069202	119	"OK"	""	0.443
