"Serial"	"datetime"	"Inspection"	"Inspection_pressure_1"	"Inspection_pressure_2"	"ProcNo"	"PartNo"	"NG_Mode"	"Judge"	"stNo"
2511901	2022-03-11 10:00:00	230.8507437	2.467905346	5.069738271	"MC5"	4310	12	0	NA
2512181	2022-03-11 10:01:00	230.4811366	0.511906455	5.031040326	"MC1"	3750	12	0	3
2512393	2022-03-11 10:02:00	229.502567	2.338837915	5.286338661	"MC2"	4310	6	0	NA
2512415	2022-03-11 10:03:00	232.0739029	1.536369954	5.038080527	"MC1"	4310	6	1	2
2512473	2022-03-11 10:04:00	231.0612036	3.020112929	5.875938634	"MC5"	4950	12	0	2
2512659	2022-03-11 10:05:00	233.6582761	3.695284504	5.839807969	"MC1"	4380	12	1	1
2512679	2022-03-11 10:06:00	233.1312817	1.648726246	5.920577865	"MC2"	3640	6	1	1
2512837	2022-03-11 10:07:00	232.092373	1.944694126	5.194358799	"MC1"	4380	12	1	2
2513297	2022-03-11 10:08:00	231.2451566	2.666605554	5.130864997	"MC1"	4950	12	0	1
2513307	2022-03-11 10:09:00	233.9738713	2.299509157	5.663649509	"MC1"	3740	10	1	NA
2513311	2022-03-11 10:10:00	231.362299	3.35950699	5.938431902	"MC3"	3740	6	0	2
2513363	2022-03-11 10:11:00	231.7156201	3.71697012	5.982190539	"MC1"	2970	8	0	3
2513365	2022-03-11 10:12:00	231.4769639	0.286468803	5.94118994	"MC4"	4950	6	0	1
2513371	2022-03-11 10:13:00	230.0946816	2.408382262	5.951004913	"MC6"	3630	6	0	2
2513451	2022-03-11 10:14:00	229.6074095	3.256380156	5.620854907	"MC1"	2970	12	0	2
2513523	2022-03-11 10:15:00	230.4347531	3.271047981	5.434771316	"MC4"	8520	6	0	1
2513881	2022-03-11 10:16:00	229.6576249	0.799947302	5.911335378	"MC1"	5960	12	0	1
2513933	2022-03-11 10:17:00	231.9068639	1.213664697	5.996505737	"MC2"	8520	7	0	1
2514135	2022-03-11 10:18:00	229.8709906	3.233759603	5.706506223	"MC4"	4380	8	0	NA
2514215	2022-03-11 10:19:00	232.8842368	2.568134952	5.985456915	"MC1"	4950	6	1	1
2514405	2022-03-11 10:20:00	232.6264884	0.39877229	5.629205514	"MC4"	5960	12	1	3
2514413	2022-03-11 10:21:00	233.0181787	2.996409256	5.415935759	"MC1"	4310	12	1	3
2514505	2022-03-11 10:22:00	230.8306843	0.244997728	5.56164794	"MC2"	5960	8	0	2
2514767	2022-03-11 10:23:00	230.0558393	2.600375152	5.353716843	"MC5"	4310	6	0	4
2514823	2022-03-11 10:24:00	231.7579835	2.77358077	5.486644403	"MC6"	2970	12	0	2
2514847	2022-03-11 10:25:00	231.0616057	1.222527079	5.724509159	"MC2"	8520	15	0	1
2515041	2022-03-11 10:26:00	232.4685125	3.549294305	5.440396135	"MC6"	4950	6	1	NA
2515199	2022-03-11 10:27:00	232.8596657	3.515987302	5.512866439	"MC2"	2970	12	1	2
2515215	2022-03-11 10:28:00	234.5396827	0.089513507	5.86353263	"MC5"	4950	8	1	2
2515303	2022-03-11 10:29:00	233.5097681	3.068828542	5.458838957	"MC2"	4310	6	1	NA
2515365	2022-03-11 10:30:00	231.9048632	0.888074385	5.991982041	"MC1"	4310	6	0	4
2515495	2022-03-11 10:31:00	227.3841802	0.251597286	5.937885949	"MC4"	2730	6	0	2
2515697	2022-03-11 10:32:00	230.87793	2.684170873	5.293494609	"MC5"	4310	6	0	3
2515787	2022-03-11 10:33:00	228.4596358	2.891799431	5.326192353	"MC3"	4310	6	0	2
2515981	2022-03-11 10:34:00	229.4781436	1.530431526	5.049979418	"MC1"	4310	12	0	4
2516187	2022-03-11 10:35:00	235.4575375	1.033371339	5.048754123	"MC6"	3640	6	1	3
2516231	2022-03-11 10:36:00	233.6281364	0.614092225	5.099489217	"MC6"	2970	8	1	NA
2516253	2022-03-11 10:37:00	237.9014102	2.12174773	5.126526763	"MC5"	4950	6	1	2
2516277	2022-03-11 10:38:00	230.7630614	0.250472091	5.930550998	"MC1"	4950	6	0	2
2516333	2022-03-11 10:39:00	234.9091341	0.760134674	5.616954092	"MC2"	4950	6	1	3
2516365	2022-03-11 10:40:00	230.7058505	1.125764041	5.901339859	"MC1"	5960	12	0	1
2516377	2022-03-11 10:41:00	230.2778523	2.358384754	5.685646154	"MC3"	4950	6	0	1
2516483	2022-03-11 10:42:00	230.8112089	3.361217788	5.89795535	"MC2"	5960	12	0	3
2516489	2022-03-11 10:43:00	229.426517	3.263345372	5.57256451	"MC2"	5960	12	0	4
2517061	2022-03-11 10:44:00	230.4357881	0.906127271	5.260967591	"MC6"	3750	6	0	1
2517111	2022-03-11 10:45:00	231.1147016	1.44134495	5.866640287	"MC2"	4310	6	0	NA
2517113	2022-03-11 10:46:00	227.5729117	0.653155982	5.163607146	"MC1"	4380	6	0	3
2517165	2022-03-11 10:47:00	232.9885118	3.714716473	5.99895661	"MC1"	5960	12	1	1
2517183	2022-03-11 10:48:00	232.7733103	0.120842157	5.312067466	"MC4"	5960	12	1	3
2517187	2022-03-11 10:49:00	227.0527852	2.409131963	5.15995587	"MC6"	4310	6	0	3
2517267	2022-03-11 10:50:00	228.3457088	0.201512521	5.785353296	"MC1"	5960	12	0	1
2517391	2022-03-11 10:51:00	229.5295969	0.675405673	5.262949492	"MC6"	5850	6	0	1
2517431	2022-03-11 10:52:00	235.8764969	2.134346569	5.163555393	"MC6"	4950	6	1	1
2517457	2022-03-11 10:53:00	231.8429645	1.834518945	5.539896775	"MC3"	4950	12	0	2
2517713	2022-03-11 10:54:00	227.9719447	3.031602795	5.639397281	"MC6"	4310	6	0	1
2517863	2022-03-11 10:55:00	232.0176468	0.338478235	5.958612982	"MC2"	4310	7	1	NA
2517889	2022-03-11 10:56:00	233.7528413	3.920421987	5.861701454	"MC3"	4950	6	1	2
2517953	2022-03-11 10:57:00	232.8242801	2.100836156	5.709105828	"MC1"	8520	12	1	2
2518071	2022-03-11 10:58:00	232.4927037	2.426735869	5.401837407	"MC3"	4380	6	1	1
2518145	2022-03-11 10:59:00	233.9503308	1.353571025	5.523827465	"MC2"	4380	12	1	1
2518191	2022-03-11 11:00:00	231.9549567	0.961601744	5.003118024	"MC4"	4950	6	0	4
2518231	2022-03-11 11:01:00	230.39951	2.588382762	5.702196176	"MC4"	4310	6	0	3
2518249	2022-03-11 11:02:00	233.2216558	0.69575328	5.569835817	"MC6"	2730	12	1	NA
2518255	2022-03-11 11:03:00	231.644482	1.302387276	5.815768102	"MC3"	5960	8	0	3
2518279	2022-03-11 11:04:00	232.3446247	3.419932897	5.286263754	"MC4"	5960	6	1	2
2518297	2022-03-11 11:05:00	230.1412968	0.779740526	5.570162198	"MC1"	3630	12	0	1
2518363	2022-03-11 11:06:00	228.5748082	0.671580593	5.319686851	"MC3"	2730	6	0	2
2518421	2022-03-11 11:07:00	233.2018439	1.135691938	5.088976285	"MC2"	4950	12	1	1
2518653	2022-03-11 11:08:00	230.3248396	2.670614786	5.68999508	"MC2"	8520	12	0	2
2518667	2022-03-11 11:09:00	229.9901842	1.244133114	5.795473083	"MC2"	4380	6	0	1
2518853	2022-03-11 11:10:00	230.1383532	3.962577848	5.354875685	"MC5"	2970	10	0	2
2518919	2022-03-11 11:11:00	231.1533889	3.949301024	5.743009289	"MC4"	4310	6	0	4
2518927	2022-03-11 11:12:00	231.2223344	3.957527356	5.505091722	"MC4"	3740	6	0	2
2519059	2022-03-11 11:13:00	230.4636687	1.256287486	5.592042944	"MC6"	4310	6	0	NA
2519095	2022-03-11 11:14:00	229.3159078	2.158546653	5.796771431	"MC4"	4310	6	0	3
2519179	2022-03-11 11:15:00	229.0825824	3.330789397	5.009401292	"MC2"	8520	6	0	1
2519697	2022-03-11 11:16:00	230.9304661	3.251291919	5.502760112	"MC1"	4310	6	0	4
2519747	2022-03-11 11:17:00	228.7445167	0.623408036	5.110456013	"MC1"	4950	12	0	1
2519755	2022-03-11 11:18:00	229.1301354	1.629161422	5.304865798	"MC3"	4310	8	0	4
2519783	2022-03-11 11:19:00	231.3867285	2.844727549	5.526245019	"MC3"	8520	15	0	4
2519789	2022-03-11 11:20:00	234.522488	0.672129982	5.220842099	"MC2"	4310	6	1	4
2519893	2022-03-11 11:21:00	234.2177953	1.388312314	5.079588675	"MC3"	3740	8	1	1
2519937	2022-03-11 11:22:00	229.9253961	2.833050549	5.130100655	"MC3"	4310	6	0	1
2519939	2022-03-11 11:23:00	229.077572	0.623360388	5.282049499	"MC2"	4950	12	0	3
2519963	2022-03-11 11:24:00	230.6873136	0.930355741	5.619530098	"MC4"	4380	6	0	3
2520409	2022-03-11 11:25:00	229.8164834	2.333343906	5.674516389	"MC1"	3630	6	0	2
2520505	2022-03-11 11:26:00	229.2654737	1.609677985	5.317184249	"MC5"	2970	6	0	1
2520661	2022-03-11 11:27:00	234.3443802	3.512569878	5.81283537	"MC2"	4950	12	1	2
2520743	2022-03-11 11:28:00	232.6082408	2.729087094	5.14924265	"MC5"	6160	6	1	NA
2520801	2022-03-11 11:29:00	230.2263969	0.613266049	5.1611018	"MC1"	4310	12	0	2
2520853	2022-03-11 11:30:00	234.439509	3.57202428	5.828185589	"MC2"	5960	12	1	4
2520987	2022-03-11 11:31:00	231.2906034	3.619670568	5.396767304	"MC1"	4380	6	0	2
2520999	2022-03-11 11:32:00	233.2037578	3.666219703	5.412929789	"MC4"	4950	8	1	1
2521533	2022-03-11 11:33:00	232.5577988	1.802674711	5.565652622	"MC1"	5960	12	1	1
2521623	2022-03-11 11:34:00	230.8653193	2.863349638	5.500320111	"MC1"	4310	12	0	NA
2521735	2022-03-11 11:35:00	233.7188201	2.578967139	5.629238478	"MC1"	4380	12	1	4
2521771	2022-03-11 11:36:00	228.5660519	2.301378207	5.102520529	"MC4"	5960	6	0	2
2522183	2022-03-11 11:37:00	231.5908339	3.17182187	5.785523038	"MC2"	5960	12	0	2
2522247	2022-03-11 11:38:00	229.683809	2.281566317	5.826646278	"MC3"	4950	12	0	1
2522279	2022-03-11 11:39:00	229.2722032	2.192681022	5.142481195	"MC4"	3630	6	0	1
2522431	2022-03-11 11:40:00	228.844917	0.773089949	5.860607966	"MC5"	8520	6	0	1
2522637	2022-03-11 11:41:00	229.6012198	0.067862826	5.542906462	"MC1"	3630	6	0	1
2522727	2022-03-11 11:42:00	232.0952001	3.006700326	5.158452035	"MC6"	8520	6	1	2
2523079	2022-03-11 11:43:00	231.4169508	3.0816705	5.049263118	"MC6"	4310	6	0	1
2523215	2022-03-11 11:44:00	230.9531615	3.515487525	5.451367306	"MC1"	8520	12	0	1
2523457	2022-03-11 11:45:00	229.4432234	0.841236274	5.151001782	"MC6"	4310	6	0	2
2523493	2022-03-11 11:46:00	230.592353	1.335710568	5.746657518	"MC1"	3630	6	0	1
2523519	2022-03-11 11:47:00	230.7445614	3.475529197	5.04397488	"MC5"	3750	6	0	1
2523641	2022-03-11 11:48:00	232.422768	2.410670875	5.98071216	"MC1"	2970	6	1	NA
2523723	2022-03-11 11:49:00	234.7522418	1.267526032	5.2718171	"MC6"	3110	6	1	2
2523729	2022-03-11 11:50:00	235.5593715	2.104356995	5.520550589	"MC5"	2970	6	1	NA
2523869	2022-03-11 11:51:00	230.9516903	0.622511456	5.737948294	"MC3"	4310	6	0	1
2523923	2022-03-11 11:52:00	232.579309	1.682018241	5.358540687	"MC3"	2970	8	1	1
2524177	2022-03-11 11:53:00	232.4319786	0.526358493	5.421159685	"MC5"	8520	6	1	2
2524215	2022-03-11 11:54:00	231.9153189	1.821272843	5.281181655	"MC4"	4950	8	0	1
2524433	2022-03-11 11:55:00	232.3673087	3.081264804	5.947326021	"MC6"	4310	6	1	NA
2524719	2022-03-11 11:56:00	231.9046587	2.643118301	5.453841201	"MC2"	4950	12	0	1
2525457	2022-03-11 11:57:00	229.8604334	3.191181871	5.02127625	"MC1"	5960	12	0	4
2525713	2022-03-11 11:58:00	232.5794269	2.767220743	5.843610418	"MC5"	4310	6	1	1
2525727	2022-03-11 11:59:00	230.528976	2.81376621	5.537835825	"MC6"	4950	6	0	2
2525771	2022-03-11 12:00:00	232.2182739	1.45646387	5.796949307	"MC6"	4310	6	1	2
2525931	2022-03-11 12:01:00	230.9527145	1.146913076	5.067426887	"MC3"	4310	12	0	1
2526273	2022-03-11 12:02:00	228.7207511	1.801626521	5.892351518	"MC1"	4310	12	0	1
2526383	2022-03-11 12:03:00	231.8897986	1.490867545	5.732224248	"MC4"	4310	6	0	1
2526643	2022-03-11 12:04:00	232.9230352	1.237921037	5.495821153	"MC3"	5960	12	1	2
2527047	2022-03-11 12:05:00	233.1390049	0.464753297	5.902276617	"MC4"	5960	6	1	2
2527221	2022-03-11 12:06:00	232.2569957	0.557848393	5.172469653	"MC4"	4310	12	1	3
2527649	2022-03-11 12:07:00	230.1722684	3.746890839	5.548510289	"MC2"	4380	12	0	4
2527723	2022-03-11 12:08:00	229.2348936	2.540538346	5.371114365	"MC1"	8520	12	0	2
2528189	2022-03-11 12:09:00	231.8767137	3.78710801	5.037385162	"MC6"	4380	12	0	1
2528323	2022-03-11 12:10:00	232.4052867	2.072510871	5.36057068	"MC4"	5960	12	1	2
2528395	2022-03-11 12:11:00	231.3733982	2.723971977	5.907416894	"MC5"	3110	6	0	3
2528523	2022-03-11 12:12:00	234.2227222	0.510819144	5.473895577	"MC2"	8520	12	1	1
2528845	2022-03-11 12:13:00	230.0251611	0.835868302	5.861454108	"MC1"	5960	12	0	4
2529057	2022-03-11 12:14:00	224.146363	3.930017967	5.486321708	"MC5"	4310	6	0	1
2529073	2022-03-11 12:15:00	227.3628575	0.613123018	5.68093227	"MC5"	3110	6	0	NA
2529117	2022-03-11 12:16:00	228.3050758	1.564045007	5.41558635	"MC6"	4950	6	0	1
2529157	2022-03-11 12:17:00	225.5116351	2.46158897	5.265598423	"MC5"	3740	6	0	2
2529203	2022-03-11 12:18:00	229.2636742	3.830903942	5.644710672	"MC2"	5960	12	0	4
2529229	2022-03-11 12:19:00	227.3246884	2.057360372	5.940269899	"MC1"	4310	6	0	NA
2529243	2022-03-11 12:20:00	233.712693	3.742257268	5.638791233	"MC2"	4950	12	1	4
2529257	2022-03-11 12:21:00	226.5094978	2.619583295	5.538013675	"MC5"	2970	10	0	1
2529621	2022-03-11 12:22:00	232.0968132	2.455332039	5.454360825	"MC2"	3630	6	1	1
2529689	2022-03-11 12:23:00	227.9983543	3.474810476	5.431229892	"MC2"	4950	7	0	1
2530189	2022-03-11 12:24:00	232.3440642	3.161168542	5.017841593	"MC3"	5960	6	1	2
2530331	2022-03-11 12:25:00	230.6421844	0.920783532	5.668933556	"MC1"	4950	12	0	1
2530625	2022-03-11 12:26:00	232.5397178	1.142437301	5.14399571	"MC3"	4380	12	1	4
2531407	2022-03-11 12:27:00	232.8861195	1.755943084	5.632069945	"MC1"	2970	12	1	4
2531495	2022-03-11 12:28:00	231.241362	3.632839417	5.318796072	"MC6"	2970	12	0	NA
2531539	2022-03-11 12:29:00	231.7614553	0.957672164	5.31028186	"MC6"	3630	6	0	2
2531557	2022-03-11 12:30:00	230.918499	3.030170334	5.901827285	"MC4"	4310	6	0	3
2532023	2022-03-11 12:31:00	231.1978618	2.320464309	5.907724031	"MC2"	4310	10	0	NA
2532361	2022-03-11 12:32:00	231.3575236	0.450415047	5.272165433	"MC2"	8520	12	0	1
2532517	2022-03-11 12:33:00	230.750839	0.663239896	5.100376095	"MC3"	4950	6	0	4
2532635	2022-03-11 12:34:00	228.9009469	0.756767232	5.55638748	"MC2"	5960	12	0	1
2532983	2022-03-11 12:35:00	232.5887092	0.588062928	5.262909344	"MC2"	5960	12	1	3
2533235	2022-03-11 12:36:00	233.3866935	1.170834464	5.887966665	"MC3"	4950	12	1	4
2533429	2022-03-11 12:37:00	231.9248502	0.278533806	5.135754847	"MC2"	4950	12	0	1
2533489	2022-03-11 12:38:00	230.4338502	2.590706427	5.74910733	"MC3"	4950	12	0	2
2533563	2022-03-11 12:39:00	229.6657916	0.973333259	5.616933085	"MC3"	4310	12	0	NA
2533571	2022-03-11 12:40:00	230.6131246	0.317693597	5.206884855	"MC2"	3640	12	0	1
2533607	2022-03-11 12:41:00	233.2781823	3.787718429	5.516366263	"MC3"	4310	12	1	2
2534145	2022-03-11 12:42:00	232.5011972	0.512920737	5.099551749	"MC4"	4310	6	1	2
2534795	2022-03-11 12:43:00	233.1659495	0.281801176	5.97668335	"MC2"	4310	12	1	1
2535151	2022-03-11 12:44:00	230.2517024	3.296100011	5.825850266	"MC6"	2970	12	0	1
2535267	2022-03-11 12:45:00	232.4312398	3.018236271	5.951894347	"MC2"	8520	12	1	1
2535763	2022-03-11 12:46:00	230.6024882	2.546342257	5.872084808	"MC3"	4380	6	0	NA
2536221	2022-03-11 12:47:00	231.6709312	2.154684969	5.001538189	"MC3"	2970	6	0	1
2536289	2022-03-11 12:48:00	232.1213918	3.418821758	5.299388899	"MC2"	4380	12	1	1
2536405	2022-03-11 12:49:00	223.1212843	1.698767351	5.511928871	"MC4"	4310	10	0	4
2536441	2022-03-11 12:50:00	229.4318682	0.046549217	5.846018827	"MC2"	3630	12	0	2
2536531	2022-03-11 12:51:00	225.9348453	3.6093284	5.49676358	"MC4"	4380	12	0	4
2536563	2022-03-11 12:52:00	231.7920374	2.892269909	5.538816694	"MC5"	5960	8	0	2
2536781	2022-03-11 12:53:00	232.2100205	1.434566303	5.009603543	"MC3"	4310	12	1	NA
2536799	2022-03-11 12:54:00	229.6617696	3.704032729	5.183548457	"MC2"	4380	12	0	2
2536865	2022-03-11 12:55:00	230.7985269	3.836801701	5.896778378	"MC3"	5960	12	0	4
2536891	2022-03-11 12:56:00	233.0106434	2.267743845	5.086503354	"MC2"	4310	12	1	3
2537073	2022-03-11 12:57:00	233.1189591	3.746372525	5.337130866	"MC5"	4380	6	1	2
2537231	2022-03-11 12:58:00	235.8511986	2.950861447	5.577389556	"MC5"	4380	6	1	3
2537341	2022-03-11 12:59:00	232.7817148	1.477402272	5.160477867	"MC3"	8520	10	1	1
2537387	2022-03-11 13:00:00	230.6100228	2.353504724	5.085888044	"MC6"	4310	6	0	3
2537465	2022-03-11 13:01:00	230.329428	3.163974393	5.208272898	"MC1"	5960	12	0	4
2537615	2022-03-11 13:02:00	233.4322894	3.123384379	5.485215822	"MC6"	4310	12	1	3
2537623	2022-03-11 13:03:00	229.4508073	2.363669819	5.595182104	"MC5"	4310	6	0	1
2537643	2022-03-11 13:04:00	230.8013071	0.261908356	5.917914612	"MC3"	2970	12	0	4
2537725	2022-03-11 13:05:00	233.1158035	1.415360552	5.638182886	"MC1"	3630	6	1	NA
2537843	2022-03-11 13:06:00	229.8357844	1.067421766	5.940776239	"MC3"	4310	6	0	NA
2538133	2022-03-11 13:07:00	231.5468149	1.826221003	5.088814579	"MC3"	4310	6	0	1
2538509	2022-03-11 13:08:00	232.2946839	1.850067875	5.038623824	"MC5"	5960	10	1	3
2538893	2022-03-11 13:09:00	232.3372806	1.165790981	5.812131712	"MC3"	4310	6	1	NA
2538899	2022-03-11 13:10:00	233.2331252	0.605187369	5.43559021	"MC1"	4310	6	1	1
2538907	2022-03-11 13:11:00	231.6468475	2.394285187	5.185818672	"MC5"	4310	6	0	1
2539029	2022-03-11 13:12:00	231.5009169	3.556620906	5.437671776	"MC6"	8520	12	0	1
2539419	2022-03-11 13:13:00	231.9988239	2.900032422	5.330003922	"MC1"	4310	12	0	NA
2539689	2022-03-11 13:14:00	233.0979903	2.755265092	5.580996964	"MC1"	5960	12	1	2
2540221	2022-03-11 13:15:00	227.4966846	1.414698028	5.703338832	"MC3"	4950	6	0	2
2540291	2022-03-11 13:16:00	227.7023048	0.933459037	5.301833094	"MC3"	4310	6	0	3
2540311	2022-03-11 13:17:00	228.1153676	2.327399606	5.165554062	"MC2"	4950	12	0	1
2540317	2022-03-11 13:18:00	228.2449109	2.620389991	5.897714797	"MC3"	4380	6	0	3
2540319	2022-03-11 13:19:00	229.4063945	3.133886554	5.142230694	"MC6"	2970	6	0	1
2540595	2022-03-11 13:20:00	232.5554591	2.806220545	5.681017688	"MC1"	4380	12	1	4
2540755	2022-03-11 13:21:00	231.2802748	2.128568709	5.644383771	"MC1"	4310	6	0	1
2541229	2022-03-11 13:22:00	228.8838538	3.087478188	5.10289628	"MC6"	3630	6	0	2
2541325	2022-03-11 13:23:00	233.061701	2.999850937	5.26099202	"MC6"	4310	12	1	NA
2541445	2022-03-11 13:24:00	231.4137481	2.586317806	5.28715099	"MC6"	2970	6	0	2
2541933	2022-03-11 13:25:00	234.6005968	3.778494152	5.06348363	"MC4"	4310	6	1	NA
2542035	2022-03-11 13:26:00	229.9544947	3.259634135	5.690004356	"MC1"	4310	6	0	NA
2542253	2022-03-11 13:27:00	235.31294	0.232000774	5.695411095	"MC3"	4950	6	1	2
2542447	2022-03-11 13:28:00	235.220698	1.003318524	5.349261379	"MC2"	4380	12	1	2
2542449	2022-03-11 13:29:00	234.2373004	1.772425184	5.628017685	"MC6"	3110	12	1	4
2542499	2022-03-11 13:30:00	230.7801465	0.042858917	5.481409612	"MC3"	2730	6	0	2
2542571	2022-03-11 13:31:00	233.9550041	2.439269251	5.678612306	"MC4"	4310	6	1	1
2542575	2022-03-11 13:32:00	233.1591807	2.629589398	5.615653002	"MC3"	4380	6	1	2
2542689	2022-03-11 13:33:00	234.6204429	3.295016533	5.376228176	"MC1"	8520	12	1	NA
2542775	2022-03-11 13:34:00	229.5290908	2.295083959	5.739721998	"MC5"	6160	6	0	NA
2542811	2022-03-11 13:35:00	230.4784793	0.229872903	5.012459273	"MC5"	4310	8	0	4
2542965	2022-03-11 13:36:00	231.4334475	3.506060273	5.93676963	"MC5"	3630	6	0	1
2543417	2022-03-11 13:37:00	231.9904651	3.364341066	5.876304895	"MC4"	4380	6	0	NA
2543653	2022-03-11 13:38:00	228.2821778	1.577233218	5.552311942	"MC1"	2970	12	0	1
2543675	2022-03-11 13:39:00	230.0251536	0.5287537	5.299076578	"MC2"	5960	12	0	4
2543699	2022-03-11 13:40:00	228.3282818	2.472258449	5.345932919	"MC5"	3750	6	0	1
2543721	2022-03-11 13:41:00	230.1121785	1.182548362	5.763974834	"MC2"	4950	12	0	3
2543773	2022-03-11 13:42:00	229.7670723	3.876281801	5.021432864	"MC1"	4950	12	0	1
2543799	2022-03-11 13:43:00	232.3946967	2.585181344	5.712852533	"MC4"	2970	6	1	4
2544033	2022-03-11 13:44:00	229.4979973	2.86810852	5.419747323	"MC4"	8520	6	0	1
2544061	2022-03-11 13:45:00	229.7153429	2.699345727	5.635964143	"MC6"	4310	6	0	NA
2544099	2022-03-11 13:46:00	232.2067929	0.446580117	5.139086724	"MC1"	5960	12	1	2
2544239	2022-03-11 13:47:00	232.1434963	1.661276113	5.494546128	"MC4"	3740	8	1	2
2544403	2022-03-11 13:48:00	232.5424761	1.505482131	5.982653048	"MC6"	4380	6	1	4
2544509	2022-03-11 13:49:00	234.3594984	3.861622846	5.417623206	"MC2"	8520	12	1	4
2544529	2022-03-11 13:50:00	232.1994412	2.686260611	5.533536585	"MC4"	4380	6	1	2
2544701	2022-03-11 13:51:00	235.5949519	2.012388229	5.419286287	"MC6"	2970	6	1	NA
2544927	2022-03-11 13:52:00	234.0176584	3.578358481	5.447153068	"MC2"	4380	6	1	NA
2544929	2022-03-11 13:53:00	231.778464	2.227026585	5.012075295	"MC2"	4310	6	0	3
2545135	2022-03-11 13:54:00	232.3573237	0.217256657	5.737429282	"MC3"	4950	6	1	4
2545149	2022-03-11 13:55:00	231.8257727	3.377836495	5.303909036	"MC1"	4950	12	0	1
2545179	2022-03-11 13:56:00	232.6454735	1.833451149	5.260230182	"MC4"	4310	6	1	2
2545201	2022-03-11 13:57:00	234.9183329	1.378627847	5.718740876	"MC5"	5960	8	1	2
2545257	2022-03-11 13:58:00	232.0931848	1.570101423	5.644756403	"MC6"	5656	12	1	NA
2545301	2022-03-11 13:59:00	235.0974834	3.194387238	5.463277432	"MC2"	8520	12	1	1
2545437	2022-03-11 14:00:00	232.8237418	3.695626465	5.8711108	"MC1"	5960	12	1	1
2545643	2022-03-11 14:01:00	236.2344051	0.26926531	5.630547045	"MC1"	4310	6	1	1
2545657	2022-03-11 14:02:00	230.9683057	0.075223464	5.00303165	"MC1"	8520	12	0	2
2545749	2022-03-11 14:03:00	234.4700719	2.088732992	5.140385976	"MC2"	8520	12	1	1
2545827	2022-03-11 14:04:00	231.3056604	2.972848155	5.126848966	"MC2"	4310	6	0	NA
2545857	2022-03-11 14:05:00	234.2666257	3.974110222	5.05284913	"MC1"	8520	12	1	1
2545993	2022-03-11 14:06:00	234.0727359	2.69751325	5.296963142	"MC2"	4310	6	1	NA
2546031	2022-03-11 14:07:00	233.7781383	1.40269813	5.1491554	"MC3"	4950	6	1	1
2546103	2022-03-11 14:08:00	236.3310666	2.557695859	5.630363814	"MC4"	4310	12	1	3
2546253	2022-03-11 14:09:00	231.6962393	2.821878095	5.580000916	"MC2"	8520	12	0	1
2546293	2022-03-11 14:10:00	232.0594484	2.900416779	5.723238481	"MC1"	3630	12	1	3
2546315	2022-03-11 14:11:00	230.5907648	0.770441186	5.516490064	"MC2"	5960	12	0	2
2546439	2022-03-11 14:12:00	232.2907405	0.459616831	5.489838582	"MC2"	4310	6	1	4
2546443	2022-03-11 14:13:00	231.0001763	1.278135518	5.995567165	"MC6"	3630	6	0	1
2546463	2022-03-11 14:14:00	233.2936127	2.281663183	5.081306905	"MC3"	2970	8	1	1
2546513	2022-03-11 14:15:00	229.3725655	0.602734269	5.063435155	"MC2"	8520	7	0	1
2546523	2022-03-11 14:16:00	237.0295785	2.707159135	5.632238868	"MC1"	4950	12	1	1
2547503	2022-03-11 14:17:00	237.2621589	2.309581618	5.920030306	"MC2"	8520	12	1	1
2547507	2022-03-11 14:18:00	232.9033489	3.47425326	5.715530324	"MC2"	4310	8	1	4
2547525	2022-03-11 14:19:00	232.5400662	0.565049882	5.293584083	"MC5"	3740	8	1	1
2547583	2022-03-11 14:20:00	234.8810576	1.90363659	5.735551762	"MC2"	4310	6	1	1
2547609	2022-03-11 14:21:00	233.7778053	3.969195635	5.76736287	"MC2"	8520	12	1	1
2547697	2022-03-11 14:22:00	231.3396582	2.186492402	5.200072218	"MC2"	360	12	0	4
2547773	2022-03-11 14:23:00	232.0339439	2.785546508	5.632982396	"MC4"	4310	6	1	1
2547859	2022-03-11 14:24:00	232.8436434	0.606016052	5.482187524	"MC1"	8520	6	1	2
2548199	2022-03-11 14:25:00	232.2430551	0.165357696	5.664435048	"MC4"	4380	12	1	4
2548231	2022-03-11 14:26:00	232.7230677	1.76837819	5.809245008	"MC4"	2970	6	1	2
2548463	2022-03-11 14:27:00	234.4501812	2.781620951	5.781902674	"MC2"	4310	10	1	4
2548489	2022-03-11 14:28:00	233.4389957	1.874281865	5.19275827	"MC2"	8520	7	1	3
2548623	2022-03-11 14:29:00	231.872694	2.912370311	5.888028827	"MC5"	4310	6	0	NA
2548663	2022-03-11 14:30:00	232.0419874	0.746297566	5.893171953	"MC1"	4950	8	1	4
2548715	2022-03-11 14:31:00	231.3619989	1.387834266	5.508831195	"MC5"	2730	6	0	1
2548785	2022-03-11 14:32:00	232.1537387	2.120066931	5.007555782	"MC2"	8520	12	1	3
2548973	2022-03-11 14:33:00	232.9304241	0.880607758	5.163135974	"MC3"	4310	6	1	1
2549023	2022-03-11 14:34:00	231.4118604	3.401565137	5.05096119	"MC3"	4950	6	0	2
2549045	2022-03-11 14:35:00	232.7890847	3.118460664	5.204280819	"MC5"	4310	6	1	1
2549085	2022-03-11 14:36:00	232.3078569	0.919497192	5.923069698	"MC6"	2970	10	1	4
2549115	2022-03-11 14:37:00	235.8483365	3.787387583	5.539690415	"MC2"	4310	12	1	NA
2549201	2022-03-11 14:38:00	232.8320421	1.500647407	5.955266852	"MC1"	5960	12	1	2
2549227	2022-03-11 14:39:00	233.6156016	1.22904707	5.720947545	"MC4"	4380	6	1	3
2549351	2022-03-11 14:40:00	233.0160001	3.072344385	5.694953596	"MC3"	5960	12	1	2
2549371	2022-03-11 14:41:00	230.4740346	1.198809746	5.914523239	"MC6"	3750	7	0	2
2549405	2022-03-11 14:42:00	233.078472	3.799917996	5.499647272	"MC2"	8520	12	1	1
2549493	2022-03-11 14:43:00	229.1319575	3.552583148	5.800072287	"MC4"	8520	8	0	1
2549771	2022-03-11 14:44:00	231.8746329	2.457830819	5.588859497	"MC6"	2730	6	0	2
2549773	2022-03-11 14:45:00	230.8078946	3.8316037	5.165420442	"MC4"	5960	6	0	4
2550629	2022-03-11 14:46:00	228.9983932	1.293305506	5.523489044	"MC1"	4310	6	0	NA
2550657	2022-03-11 14:47:00	232.8551729	2.173871252	5.18087444	"MC5"	2970	10	1	NA
2550675	2022-03-11 14:48:00	235.1224796	3.753507648	5.204625277	"MC2"	4310	6	1	2
2550799	2022-03-11 14:49:00	232.4627523	0.714907517	5.965336912	"MC2"	8520	7	1	1
2550857	2022-03-11 14:50:00	230.8423261	1.898824613	5.7937037	"MC4"	8520	6	0	3
2550941	2022-03-11 14:51:00	234.5111064	1.077248854	5.486322701	"MC5"	4380	6	1	2
2550943	2022-03-11 14:52:00	235.2383432	0.66922735	5.200342093	"MC4"	5960	6	1	1
2550969	2022-03-11 14:53:00	232.2740047	0.782873798	5.261087319	"MC4"	4380	12	1	NA
2551145	2022-03-11 14:54:00	234.8289236	3.055460813	5.245240003	"MC5"	4310	6	1	1
2551195	2022-03-11 14:55:00	230.5258836	1.439885991	5.897004867	"MC1"	2970	6	0	2
2551213	2022-03-11 14:56:00	233.2722532	0.416566269	5.320975686	"MC1"	4380	12	1	1
2551217	2022-03-11 14:57:00	231.8966379	2.519809024	5.269565061	"MC5"	4310	10	0	1
2551287	2022-03-11 14:58:00	231.1922176	0.516608806	5.963924097	"MC6"	8520	6	0	1
2551297	2022-03-11 14:59:00	232.0017113	1.821268422	5.449911565	"MC3"	4950	6	1	4
2551431	2022-03-11 15:00:00	236.1778239	3.341840434	5.768128518	"MC1"	4380	6	1	2
2551453	2022-03-11 15:01:00	232.6153518	1.885715048	5.777654442	"MC2"	4310	12	1	NA
2551523	2022-03-11 15:02:00	233.8632953	3.046770505	5.139547076	"MC1"	8520	12	1	1
2551723	2022-03-11 15:03:00	234.349558	0.01035226	5.203486612	"MC2"	4950	12	1	1
2551737	2022-03-11 15:04:00	234.0489329	3.650372929	5.639089363	"MC2"	3740	12	1	4
2551927	2022-03-11 15:05:00	231.1082411	3.562707895	5.433389947	"MC4"	4380	12	0	NA
2551929	2022-03-11 15:06:00	234.2998937	2.661690621	5.222691286	"MC2"	8520	12	1	2
2552053	2022-03-11 15:07:00	229.4712298	0.416621406	5.348947666	"MC5"	4310	8	0	NA
2552067	2022-03-11 15:08:00	234.9362002	0.401359186	5.868930204	"MC2"	5960	12	1	4
2552139	2022-03-11 15:09:00	232.016467	3.487025027	5.26595713	"MC1"	4310	6	1	1
2552159	2022-03-11 15:10:00	234.2094698	3.979928414	5.551263699	"MC1"	4310	7	1	NA
2552221	2022-03-11 15:11:00	231.8297413	2.925772801	5.276058132	"MC1"	5960	7	0	1
2552271	2022-03-11 15:12:00	234.1553431	2.27060165	5.202971064	"MC6"	2970	6	1	2
2552297	2022-03-11 15:13:00	231.1383674	0.8023099	5.319677484	"MC5"	8520	6	0	4
2552315	2022-03-11 15:14:00	232.2307241	3.473768674	5.106934924	"MC5"	4370	6	1	NA
2552317	2022-03-11 15:15:00	234.6988548	0.608264948	5.150704352	"MC2"	4950	6	1	1
2552413	2022-03-11 15:16:00	233.4822696	0.214759478	5.03905737	"MC1"	4310	6	1	4
2552563	2022-03-11 15:17:00	232.2493128	1.829285559	5.540520079	"MC2"	8520	12	1	1
2552611	2022-03-11 15:18:00	228.7113092	1.218085891	5.937189157	"MC1"	8520	12	0	2
2552623	2022-03-11 15:19:00	232.8551893	2.840100415	5.399625587	"MC1"	4310	6	1	NA
2552633	2022-03-11 15:20:00	229.6344387	1.965369548	5.553904897	"MC6"	2970	6	0	2
2552655	2022-03-11 15:21:00	233.9491512	2.289112596	5.952120939	"MC5"	4310	6	1	1
2552791	2022-03-11 15:22:00	231.8677425	3.283858135	5.442594269	"MC1"	8520	12	0	1
2552867	2022-03-11 15:23:00	230.5872712	3.311255829	5.602836808	"MC1"	4310	6	0	1
2552883	2022-03-11 15:24:00	232.3092599	0.628428328	5.100186272	"MC1"	3630	12	1	1
2553073	2022-03-11 15:25:00	233.3780366	1.095242536	5.620704685	"MC1"	5960	12	1	2
2553111	2022-03-11 15:26:00	230.2419749	3.954027809	5.531351114	"MC4"	4310	12	0	3
2553221	2022-03-11 15:27:00	232.7932243	3.661331866	5.161553909	"MC2"	4950	6	1	NA
2553371	2022-03-11 15:28:00	232.6880924	0.300799497	5.280743351	"MC1"	4310	6	1	1
2553815	2022-03-11 15:29:00	229.756678	3.117855861	5.773699032	"MC1"	4380	12	0	2
2553897	2022-03-11 15:30:00	230.3403731	0.751866062	5.061168764	"MC1"	4950	12	0	2
2553931	2022-03-11 15:31:00	230.6036586	3.093380252	5.042887173	"MC2"	8520	7	0	1
2554021	2022-03-11 15:32:00	232.1433531	3.817271555	5.383247119	"MC5"	2970	10	1	NA
2554175	2022-03-11 15:33:00	235.0346083	3.811763097	5.364748016	"MC4"	3740	6	1	NA
2554179	2022-03-11 15:34:00	229.995854	1.670861646	5.099393445	"MC6"	8520	6	0	2
2554199	2022-03-11 15:35:00	232.4069954	1.520722587	5.024061888	"MC3"	360	12	1	2
2554205	2022-03-11 15:36:00	232.0352607	3.718539113	5.469411403	"MC2"	5960	12	1	1
2554209	2022-03-11 15:37:00	231.6662666	0.939877174	5.070486127	"MC6"	4310	12	0	1
2554247	2022-03-11 15:38:00	232.4045112	1.569293408	5.068966542	"MC6"	3740	8	1	2
2554335	2022-03-11 15:39:00	231.52358	0.38653675	5.027314842	"MC2"	8520	7	0	3
2554379	2022-03-11 15:40:00	231.8587572	3.479037095	5.280515852	"MC3"	4380	6	0	NA
2554463	2022-03-11 15:41:00	232.7421527	3.85339557	5.805976786	"MC2"	2970	6	1	NA
2554493	2022-03-11 15:42:00	233.4692279	0.465732229	5.242627	"MC2"	4310	12	1	NA
2554531	2022-03-11 15:43:00	232.9871922	0.835735682	5.438195436	"MC5"	8520	10	1	4
2554657	2022-03-11 15:44:00	230.505179	3.231224697	5.071298229	"MC2"	3630	12	0	1
2554767	2022-03-11 15:45:00	235.0319494	1.707072004	5.144497065	"MC3"	360	12	1	1
2554783	2022-03-11 15:46:00	232.6969179	0.01278929	5.507974872	"MC6"	4310	6	1	3
2554923	2022-03-11 15:47:00	233.8479272	3.537023249	5.610187229	"MC6"	4370	6	1	NA
2555123	2022-03-11 15:48:00	231.5206144	0.112234397	5.412695867	"MC6"	4380	6	0	NA
2555127	2022-03-11 15:49:00	232.6965969	0.26377525	5.613137403	"MC2"	3630	6	1	2
2555219	2022-03-11 15:50:00	235.1155475	3.744533767	5.813576614	"MC2"	8520	12	1	4
2555263	2022-03-11 15:51:00	231.6078143	1.195618959	5.214226016	"MC6"	6160	6	0	1
2555303	2022-03-11 15:52:00	232.1837947	1.330385783	5.895522879	"MC3"	5960	6	1	2
2555401	2022-03-11 15:53:00	234.1248783	1.628986536	5.445146877	"MC3"	4950	6	1	1
2555541	2022-03-11 15:54:00	232.7857606	0.596762459	5.749012149	"MC5"	4310	6	1	1
2555561	2022-03-11 15:55:00	232.6068252	0.726331824	5.341591617	"MC6"	4310	8	1	1
2555579	2022-03-11 15:56:00	232.9870247	3.380606637	5.553225913	"MC2"	8520	12	1	3
2555639	2022-03-11 15:57:00	230.3556022	0.967124438	5.993057509	"MC2"	4950	12	0	2
2555671	2022-03-11 15:58:00	236.3369393	1.742818114	5.907253658	"MC4"	8520	6	1	1
2555719	2022-03-11 15:59:00	233.9189036	2.056373317	5.704967919	"MC6"	4310	6	1	4
2555743	2022-03-11 16:00:00	229.4605231	0.420501699	5.520333219	"MC1"	4310	12	0	2
2555757	2022-03-11 16:01:00	231.184609	1.098334691	5.219926053	"MC5"	4310	6	0	2
2555759	2022-03-11 16:02:00	232.4126827	1.51815178	5.737804979	"MC5"	2970	8	1	1
2555787	2022-03-11 16:03:00	231.7916969	2.085528329	5.529702358	"MC2"	4310	8	0	2
2555821	2022-03-11 16:04:00	232.7488202	0.886833294	5.296003058	"MC1"	4310	12	1	1
2555909	2022-03-11 16:05:00	235.0354626	3.729420514	5.153516849	"MC5"	4310	6	1	NA
2555959	2022-03-11 16:06:00	235.6851377	3.892758002	5.835179386	"MC1"	4380	12	1	2
2556063	2022-03-11 16:07:00	230.5700538	1.514517546	5.114417884	"MC3"	3740	6	0	2
2556101	2022-03-11 16:08:00	232.1393581	0.281208767	5.322642456	"MC2"	4310	12	1	1
2556115	2022-03-11 16:09:00	231.7950722	1.073134164	5.259263854	"MC1"	5960	12	0	1
2556163	2022-03-11 16:10:00	233.2208783	0.399774696	5.847253821	"MC2"	8520	12	1	1
2556323	2022-03-11 16:11:00	231.6186784	2.05157744	5.429708295	"MC6"	4310	6	0	4
2556341	2022-03-11 16:12:00	232.8669846	0.163948858	5.911863472	"MC2"	4310	6	1	4
2556355	2022-03-11 16:13:00	231.9099887	3.168608327	5.273400388	"MC1"	8520	12	0	4
2556407	2022-03-11 16:14:00	232.1393097	2.417988549	5.316555213	"MC1"	3630	6	1	2
2556491	2022-03-11 16:15:00	231.0516268	3.703779222	5.731934989	"MC1"	2730	8	0	3
2556579	2022-03-11 16:16:00	232.1786808	2.635808674	5.318693043	"MC6"	5960	6	1	2
2556699	2022-03-11 16:17:00	230.9953012	2.992895539	5.675983664	"MC3"	4380	12	0	NA
2556719	2022-03-11 16:18:00	235.0482372	0.651108262	5.99043867	"MC5"	4950	10	1	4
2556729	2022-03-11 16:19:00	234.7859403	1.351271994	5.087236948	"MC5"	2970	12	1	NA
2556965	2022-03-11 16:20:00	232.0864385	3.598299922	5.957368724	"MC3"	4310	6	1	3
2557011	2022-03-11 16:21:00	231.5271636	2.136718808	5.736543265	"MC5"	5960	6	0	1
2557203	2022-03-11 16:22:00	231.9855462	3.634587179	5.242849807	"MC6"	4310	6	0	3
2557353	2022-03-11 16:23:00	232.9640928	1.283475235	5.87915132	"MC6"	4310	6	1	1
2557359	2022-03-11 16:24:00	232.5032378	3.272853841	5.722959037	"MC2"	4310	6	1	4
2558594	2022-03-11 16:25:00	230.6774506	1.937159403	5.735603891	"MC1"	4950	12	0	3
2558726	2022-03-11 16:26:00	230.4147372	1.220120266	5.142500314	"MC1"	8520	12	0	1
2558804	2022-03-11 16:27:00	233.6461002	0.623543293	5.918248576	"MC5"	2970	8	1	1
2558850	2022-03-11 16:28:00	229.8870916	2.298362712	5.239928124	"MC2"	4380	12	0	4
2559006	2022-03-11 16:29:00	232.8745446	0.696170483	5.259270265	"MC2"	4950	6	1	2
2559058	2022-03-11 16:30:00	233.2501456	1.492093527	5.07768068	"MC1"	8520	12	1	4
2559232	2022-03-11 16:31:00	231.6978821	0.292004998	5.999817892	"MC4"	4380	8	0	2
2559298	2022-03-11 16:32:00	232.2970259	3.009844343	5.368275055	"MC2"	4310	6	1	4
2559312	2022-03-11 16:33:00	233.1291059	0.853063502	5.101026849	"MC2"	4380	12	1	4
2559330	2022-03-11 16:34:00	233.3153596	1.866011182	5.365599878	"MC6"	4950	6	1	3
2559520	2022-03-11 16:35:00	232.8803173	0.834870474	5.062710025	"MC4"	5960	12	1	1
2559526	2022-03-11 16:36:00	234.7581992	2.265165195	5.77485879	"MC2"	4310	12	1	NA
2559594	2022-03-11 16:37:00	232.6665878	1.382338929	5.648947277	"MC2"	2970	6	1	4
2559612	2022-03-11 16:38:00	233.2896134	0.779792185	5.586157077	"MC1"	2970	12	1	4
2559910	2022-03-11 16:39:00	233.6719084	0.484908123	5.284579489	"MC6"	4310	12	1	NA
2559936	2022-03-11 16:40:00	229.4183256	2.041239535	5.136476314	"MC3"	8520	8	0	4
2559974	2022-03-11 16:41:00	234.3562948	2.328568911	5.191763966	"MC3"	4310	12	1	1
2560068	2022-03-11 16:42:00	231.6037622	0.434115406	5.357582516	"MC3"	2730	12	0	NA
2560176	2022-03-11 16:43:00	232.1035473	1.228225437	5.128574266	"MC2"	5960	12	1	4
2560196	2022-03-11 16:44:00	234.7733985	0.061410274	5.379350908	"MC1"	5960	12	1	2
2560202	2022-03-11 16:45:00	233.9884546	0.099179768	5.027290461	"MC2"	3640	6	1	4
2560264	2022-03-11 16:46:00	233.2362468	1.466429485	5.053730591	"MC1"	3740	12	1	4
2560836	2022-03-11 16:47:00	233.4081936	2.393393841	5.467210695	"MC1"	3630	12	1	4
2560854	2022-03-11 16:48:00	232.6003069	1.267595232	5.672284745	"MC3"	2970	8	1	1
2561056	2022-03-11 16:49:00	233.0746839	0.623750366	5.110520649	"MC2"	3640	8	1	2
2561060	2022-03-11 16:50:00	230.27516	0.34666009	5.607162814	"MC6"	4310	6	0	3
2561148	2022-03-11 16:51:00	234.4001229	1.234800115	5.450065857	"MC1"	8520	12	1	2
2561304	2022-03-11 16:52:00	230.9372658	0.366154469	5.006361192	"MC3"	4380	6	0	NA
2561346	2022-03-11 16:53:00	231.2430556	0.745049529	5.442115064	"MC5"	5960	8	0	2
2561404	2022-03-11 16:54:00	232.741068	1.410063255	5.841438626	"MC2"	4950	10	1	4
2561458	2022-03-11 16:55:00	231.702738	0.866018225	5.881349996	"MC2"	8520	12	0	4
2561490	2022-03-11 16:56:00	230.1640379	3.430110708	5.576574303	"MC1"	4380	6	0	2
2561658	2022-03-11 16:57:00	229.7510012	1.712230114	5.923570227	"MC1"	4950	12	0	1
2561690	2022-03-11 16:58:00	233.1025968	0.411673768	5.891338788	"MC2"	2970	12	1	4
2561738	2022-03-11 16:59:00	229.4686338	1.177493869	5.917916485	"MC1"	3630	6	0	2
2561788	2022-03-11 17:00:00	231.0496234	3.812228058	5.115815512	"MC1"	4310	12	0	1
2561798	2022-03-11 17:01:00	232.7394806	3.917751056	5.102924219	"MC3"	2970	15	1	1
2561850	2022-03-11 17:02:00	231.9001527	2.314123134	5.031278828	"MC6"	2970	6	0	4
2561918	2022-03-11 17:03:00	231.8609943	3.442424549	5.086213526	"MC6"	2970	6	0	4
2561970	2022-03-11 17:04:00	230.8654588	1.891661387	5.125729709	"MC4"	2730	6	0	NA
2562370	2022-03-11 17:05:00	230.7978239	0.303006478	5.982201058	"MC2"	8520	12	0	3
2562416	2022-03-11 17:06:00	231.5311704	3.856988865	5.054392636	"MC3"	4380	6	0	1
2562648	2022-03-11 17:07:00	232.3435459	3.456804738	5.351023535	"MC6"	4310	12	1	2
2562882	2022-03-11 17:08:00	231.9793831	0.627924362	5.02652538	"MC2"	8520	12	0	4
2562886	2022-03-11 17:09:00	233.2465825	1.712459145	5.451597306	"MC1"	3640	12	1	1
2563182	2022-03-11 17:10:00	232.7364473	3.285205976	5.188203286	"MC1"	8520	7	1	2
2563226	2022-03-11 17:11:00	231.803587	2.935745981	5.679686237	"MC1"	4950	12	0	1
2563290	2022-03-11 17:12:00	232.6533333	2.858419642	5.598952801	"MC2"	8520	12	1	2
2563292	2022-03-11 17:13:00	231.0195916	2.605984258	5.390430339	"MC4"	2970	6	0	3
2563310	2022-03-11 17:14:00	232.3438031	2.50916115	5.951816	"MC2"	2970	12	1	2
2563410	2022-03-11 17:15:00	232.0457508	3.184858413	5.942697008	"MC6"	4310	6	1	NA
2563432	2022-03-11 17:16:00	233.1225434	2.500419645	5.516812799	"MC1"	4310	6	1	1
2563522	2022-03-11 17:17:00	234.0960069	0.626318633	5.295274124	"MC1"	4310	6	1	NA
2563566	2022-03-11 17:18:00	229.825765	1.215797881	5.0740123	"MC4"	4310	12	0	2
2563694	2022-03-11 17:19:00	231.6418382	2.178736179	5.307796771	"MC4"	3740	6	0	1
2563704	2022-03-11 17:20:00	231.8744376	2.505840186	5.816769948	"MC1"	5960	12	0	2
2563802	2022-03-11 17:21:00	233.3745723	3.316071789	5.075714731	"MC5"	3750	6	1	1
2563804	2022-03-11 17:22:00	233.7580181	0.087552664	5.361282287	"MC4"	4310	6	1	NA
2563832	2022-03-11 17:23:00	234.9341242	3.338866857	5.651222123	"MC5"	2970	12	1	NA
2563874	2022-03-11 17:24:00	231.7300645	2.252737104	5.829102619	"MC1"	4310	6	0	1
2563896	2022-03-11 17:25:00	232.8636341	3.100522828	5.30544597	"MC3"	4310	6	1	4
2563926	2022-03-11 17:26:00	229.3962756	1.845365122	5.293244196	"MC4"	360	12	0	3
2563946	2022-03-11 17:27:00	233.5092009	3.351258514	5.749200343	"MC3"	2730	6	1	1
2563954	2022-03-11 17:28:00	231.1129536	2.087022362	5.698206704	"MC2"	5960	8	0	1
2563960	2022-03-11 17:29:00	236.5402806	1.451675774	5.648855588	"MC5"	2970	6	1	4
2563968	2022-03-11 17:30:00	237.3207362	0.732664156	5.286520319	"MC6"	4380	6	1	NA
2564108	2022-03-11 17:31:00	231.3700234	0.013810912	5.798174746	"MC3"	3740	6	0	NA
2564124	2022-03-11 17:32:00	232.0449388	3.114606056	5.851112811	"MC1"	3750	12	1	1
2564312	2022-03-11 17:33:00	232.5187096	1.943174248	5.190647427	"MC2"	8520	7	1	2
2564608	2022-03-11 17:34:00	232.2394628	3.067543456	5.553115445	"MC1"	4380	12	1	4
2564614	2022-03-11 17:35:00	233.7059728	3.743109116	5.830376882	"MC2"	5656	12	1	NA
2564630	2022-03-11 17:36:00	234.3624259	0.719085299	5.34105839	"MC5"	4380	12	1	NA
2564874	2022-03-11 17:37:00	231.6020462	3.763227275	5.718994666	"MC2"	3740	12	0	2
2564916	2022-03-11 17:38:00	235.071804	1.740474124	5.814327523	"MC4"	4310	6	1	2
2565188	2022-03-11 17:39:00	230.5384583	0.560200346	5.748591862	"MC5"	4950	6	0	4
2565220	2022-03-11 17:40:00	231.866455	1.649070705	5.728198831	"MC1"	4950	12	0	3
2565270	2022-03-11 17:41:00	232.9465774	1.164463515	5.123056664	"MC6"	3110	12	1	NA
2565296	2022-03-11 17:42:00	230.8900271	0.448637903	5.151617963	"MC5"	5960	12	0	2
2565320	2022-03-11 17:43:00	232.2739825	0.195968316	5.464951183	"MC4"	4310	10	1	1
2565334	2022-03-11 17:44:00	233.8253297	3.603183635	5.805168428	"MC1"	8520	12	1	2
2565422	2022-03-11 17:45:00	229.2737231	0.697525873	5.337891525	"MC1"	3640	12	0	2
2565478	2022-03-11 17:46:00	232.0398905	1.350059048	5.662480934	"MC1"	4950	6	1	3
2565686	2022-03-11 17:47:00	229.3440215	2.162753638	5.416745324	"MC2"	4950	12	0	4
2565726	2022-03-11 17:48:00	233.6064476	3.463989795	5.166828409	"MC2"	4310	6	1	1
2565784	2022-03-11 17:49:00	230.7813338	2.336353186	5.453535394	"MC6"	4310	6	0	2
2566020	2022-03-11 17:50:00	235.3886667	2.766817743	5.511713354	"MC4"	4310	6	1	NA
2566162	2022-03-11 17:52:00	231.7233506	0.354987298	5.356045665	"MC2"	4950	12	0	4
2566172	2022-03-11 17:53:00	228.9518026	1.639912177	5.019542434	"MC6"	2970	7	0	NA
2566242	2022-03-11 17:54:00	232.3045613	2.801384411	5.468338097	"MC1"	4380	6	1	1
2566262	2022-03-11 17:55:00	229.5334958	0.981567639	5.905618691	"MC4"	4380	6	0	NA
2566834	2022-03-11 17:56:00	230.6087609	2.083059297	5.506682905	"MC5"	3110	10	0	3
2566916	2022-03-11 17:57:00	229.6301908	0.369076678	5.304983546	"MC1"	4310	6	0	1
2566964	2022-03-11 17:58:00	230.7744388	0.793065225	5.98795651	"MC5"	4380	12	0	1
2567308	2022-03-11 18:01:00	234.6095654	3.840307875	5.661276142	"MC6"	3750	6	1	1
2567342	2022-03-11 18:02:00	229.6184002	1.914763352	5.481941482	"MC3"	4310	6	0	2
2567426	2022-03-11 18:03:00	234.1493781	2.680656012	5.015369182	"MC1"	8520	12	1	2
2567454	2022-03-11 18:04:00	230.8083835	0.815464695	5.966960458	"MC5"	2970	10	0	2
2567488	2022-03-11 18:05:00	232.5396023	0.900960747	5.228871178	"MC6"	4310	6	1	3
2567728	2022-03-11 18:06:00	236.2012854	0.296025193	5.502267624	"MC2"	3630	12	1	1
2567730	2022-03-11 18:07:00	237.59404	0.132869751	5.36157922	"MC5"	4310	6	1	2
2567850	2022-03-11 18:08:00	234.4381324	2.225450978	5.248325737	"MC2"	8520	12	1	3
2567902	2022-03-11 18:09:00	231.1854982	0.041233311	5.084946286	"MC1"	4310	8	0	NA
2568032	2022-03-11 18:10:00	236.0739181	3.021016121	5.852384531	"MC6"	4310	6	1	4
2568482	2022-03-11 18:11:00	229.5815446	2.355656577	5.706165429	"MC6"	5960	12	0	1
2569060	2022-03-11 18:12:00	229.0569089	3.9607585	5.734567894	"MC6"	360	8	0	3
2569294	2022-03-11 18:13:00	232.3694114	1.96691348	5.421917282	"MC1"	4950	8	1	2
2569318	2022-03-11 18:14:00	231.8195829	0.434301139	5.493055387	"MC1"	4310	6	0	2
2569456	2022-03-11 18:15:00	232.2867201	1.120403953	5.68524089	"MC2"	4950	6	1	2
2569488	2022-03-11 18:16:00	232.2046621	0.172681989	5.262127418	"MC6"	2970	6	1	2
2569668	2022-03-11 18:17:00	230.3968344	1.143357087	5.798453433	"MC6"	4310	6	0	3
2569806	2022-03-11 18:18:00	230.7394763	3.507511842	5.024224831	"MC6"	4310	12	0	NA
2569894	2022-03-11 18:19:00	232.1913911	1.675772417	5.863849906	"MC6"	4310	6	1	1
2569898	2022-03-11 18:20:00	232.9942877	1.377748454	5.144052188	"MC6"	4310	6	1	1
2569976	2022-03-11 18:21:00	230.5631353	2.87276359	5.542532016	"MC2"	2730	8	0	NA
2571556	2022-03-11 18:22:00	231.1435703	0.763663983	5.334203266	"MC5"	4310	6	0	1
2571676	2022-03-11 18:23:00	230.6459812	3.027450042	5.276719098	"MC6"	3750	6	0	1
2572000	2022-03-11 18:24:00	232.477965	0.279827668	5.321680515	"MC5"	4950	6	1	1
2572160	2022-03-11 18:25:00	231.6588165	0.306757488	5.357454643	"MC3"	4310	6	0	NA
2572472	2022-03-11 18:26:00	230.3240376	0.951732576	5.748415199	"MC4"	4950	6	0	3
2572734	2022-03-11 18:27:00	232.814596	2.04719784	5.304555015	"MC5"	2970	12	1	NA
2572932	2022-03-11 18:28:00	231.3489134	2.41707574	5.833723333	"MC4"	4950	6	0	2
2573012	2022-03-11 18:29:00	233.9629623	2.543906132	5.029407632	"MC3"	4310	6	1	3
2573108	2022-03-11 18:30:00	230.8256559	3.589758297	5.153128222	"MC3"	4310	6	0	1
2573588	2022-03-11 18:31:00	233.0148318	2.598753164	5.510397989	"MC5"	4310	12	1	4
2574092	2022-03-11 18:32:00	233.2573026	3.330117178	5.332880553	"MC2"	4310	12	1	NA
2574224	2022-03-11 18:33:00	233.2042285	3.065025816	5.097733431	"MC1"	4310	6	1	1
2574228	2022-03-11 18:34:00	233.8426968	1.604326343	5.143399619	"MC1"	8520	7	1	2
2574274	2022-03-11 18:35:00	233.8598833	0.577527056	5.186052849	"MC1"	4950	12	1	3
2574338	2022-03-11 18:36:00	234.1971885	2.770936611	5.178319047	"MC1"	8520	12	1	1
2574392	2022-03-11 18:37:00	235.4633334	3.025139956	5.722212183	"MC3"	4310	6	1	1
2574412	2022-03-11 18:38:00	229.9162929	3.791897518	5.489643725	"MC3"	3630	6	0	2
2502823	2022-03-11 18:39:00	228.2304564	0.694145043	5.963319392	"MC4"	3740	6	0	2
2502855	2022-03-11 18:40:00	228.2655776	1.050294254	5.907930612	"MC1"	5960	12	0	4
2502923	2022-03-11 18:41:00	232.1405222	0.607841265	5.016653408	"MC2"	8520	12	1	3
2502935	2022-03-11 18:42:00	231.5550946	1.076403983	5.65007519	"MC4"	4950	6	0	4
2502967	2022-03-11 18:43:00	230.4878803	3.562722655	5.5305643	"MC3"	2970	8	0	NA
2503045	2022-03-11 18:44:00	229.5069766	0.328167986	5.868517609	"MC6"	4310	6	0	4
2503125	2022-03-11 18:45:00	229.4189694	1.900981648	5.506161315	"MC2"	4310	12	0	3
2503127	2022-03-11 18:46:00	231.6707652	3.717262014	5.578649567	"MC3"	4310	6	0	3
2503137	2022-03-11 18:47:00	234.9187749	1.53028101	5.944912006	"MC4"	4310	6	1	1
2503141	2022-03-11 18:48:00	233.1424	0.105271545	5.25152817	"MC2"	8520	12	1	3
2503197	2022-03-11 18:49:00	231.3849117	1.329969329	5.525110976	"MC6"	5960	6	0	1
2503345	2022-03-11 18:50:00	230.1258538	1.294841089	5.042446485	"MC4"	2970	6	0	1
2503417	2022-03-11 18:51:00	232.4908617	0.764107324	5.276629384	"MC5"	4310	12	1	1
2503431	2022-03-11 18:52:00	229.0974059	2.592987779	5.652339147	"MC1"	3630	6	0	1
2503603	2022-03-11 18:53:00	228.591746	0.668398467	5.486450382	"MC1"	2970	12	0	3
2503659	2022-03-11 18:54:00	229.5899842	0.431085822	5.11474411	"MC2"	8520	12	0	2
2503847	2022-03-11 18:55:00	230.8876681	1.14083469	5.029674362	"MC1"	8520	12	0	2
2503879	2022-03-11 18:56:00	231.9241193	3.169945004	5.715117974	"MC4"	3740	6	0	2
2503951	2022-03-11 18:57:00	232.9411006	2.394254051	5.4343774	"MC2"	4950	12	1	3
2503981	2022-03-11 18:58:00	231.8244865	1.188811659	5.772964033	"MC2"	3740	12	0	3
2504245	2022-03-11 18:59:00	228.9275969	3.845181231	5.852917741	"MC5"	3630	6	0	1
2504319	2022-03-11 19:00:00	228.5314444	1.330249787	5.18213394	"MC5"	4950	6	0	2
2504339	2022-03-11 19:01:00	230.2499776	0.814069634	5.318129142	"MC2"	4310	6	0	4
2504363	2022-03-11 19:02:00	228.1310218	3.659216188	5.754268001	"MC6"	2970	6	0	1
2504397	2022-03-11 19:03:00	230.3506088	3.599625572	5.747358093	"MC4"	4950	6	0	4
2504419	2022-03-11 19:04:00	233.3269992	1.928476866	5.245414353	"MC4"	4310	6	1	1
2504623	2022-03-11 19:05:00	231.0154043	2.857319388	5.202746343	"MC1"	5960	12	0	2
2504871	2022-03-11 19:06:00	231.7741339	0.599595656	5.646559064	"MC1"	4380	12	0	1
2504923	2022-03-11 19:07:00	231.5449531	0.164343822	5.883935396	"MC1"	4380	12	0	1
2504955	2022-03-11 19:08:00	236.5876736	3.458072948	5.626961503	"MC2"	4310	12	1	4
2505025	2022-03-11 19:09:00	234.4796468	2.92094729	5.693746486	"MC5"	2970	15	1	1
2505213	2022-03-11 19:10:00	230.4522654	2.746713281	5.334947352	"MC6"	3750	6	0	NA
2505321	2022-03-11 19:11:00	231.0851501	0.886259941	5.125665221	"MC1"	5960	12	0	1
2505357	2022-03-11 19:12:00	232.2259942	0.12457975	5.185711677	"MC2"	4310	12	1	NA
2505579	2022-03-11 19:13:00	230.1066745	0.016839211	5.976890742	"MC1"	4310	6	0	2
2505761	2022-03-11 19:14:00	229.8020583	0.685651372	5.051341059	"MC6"	4380	6	0	1
2505877	2022-03-11 19:15:00	229.7770389	1.412482584	5.544618388	"MC1"	4310	10	0	2
2506189	2022-03-11 19:16:00	229.2800494	0.666060788	5.183558377	"MC6"	2970	10	0	1
2506211	2022-03-11 19:17:00	229.52615	0.169104366	5.489683726	"MC1"	4310	12	0	2
2506331	2022-03-11 19:18:00	229.6341958	1.201240628	5.101624609	"MC2"	4380	12	0	4
2506355	2022-03-11 19:19:00	234.3900831	2.331371741	5.206957031	"MC6"	4950	6	1	2
2506405	2022-03-11 19:20:00	229.4492031	3.469765911	5.099240721	"MC1"	8520	7	0	1
2506577	2022-03-11 19:21:00	230.3079994	0.502315517	5.541716486	"MC5"	4310	6	0	2
2506697	2022-03-11 19:22:00	230.1453218	1.084287372	5.557565417	"MC4"	4310	6	0	2
2506701	2022-03-11 19:23:00	231.8238585	2.240694922	5.042343533	"MC5"	4950	6	0	1
2506907	2022-03-11 19:24:00	232.466286	1.762485824	5.146682107	"MC4"	4310	6	1	2
2507039	2022-03-11 19:25:00	230.9541605	3.328202734	5.010077686	"MC1"	8520	12	0	2
2507237	2022-03-11 19:26:00	230.5531594	2.724678074	5.592453785	"MC3"	4380	6	0	3
2507245	2022-03-11 19:27:00	228.6466966	1.798386047	5.294173306	"MC1"	4380	12	0	2
2507283	2022-03-11 19:28:00	230.2051467	2.310864076	5.038630368	"MC6"	4310	6	0	1
2507393	2022-03-11 19:29:00	234.4372776	3.986521426	5.905593577	"MC1"	4380	12	1	1
2507523	2022-03-11 19:30:00	232.4050447	2.910647213	5.57775217	"MC3"	4310	6	1	4
2507639	2022-03-11 19:31:00	228.7646755	0.91975442	5.474705333	"MC4"	4310	6	0	4
2507831	2022-03-11 19:32:00	230.7620838	1.265642079	5.53388255	"MC4"	8520	12	0	1
2508007	2022-03-11 19:33:00	227.9952044	1.731924381	5.263615325	"MC2"	4310	12	0	NA
2508087	2022-03-11 19:34:00	228.3990483	0.191182358	5.550010329	"MC6"	4310	6	0	1
2508109	2022-03-11 19:35:00	229.4228848	1.156540261	5.830153808	"MC6"	4310	6	0	1
2508207	2022-03-11 19:36:00	230.2659141	3.188180656	5.794263228	"MC3"	2970	8	0	NA
2508495	2022-03-11 19:37:00	227.1944146	0.878586567	5.099863395	"MC1"	4380	12	0	1
2508527	2022-03-11 19:38:00	233.4158264	2.037980214	5.801894563	"MC3"	4950	6	1	2
2508749	2022-03-11 19:39:00	230.5372661	3.720166701	5.688743557	"MC6"	4380	6	0	2
2509031	2022-03-11 19:40:00	230.7529212	1.196310789	5.148642587	"MC5"	5960	12	0	1
2509475	2022-03-11 19:40:00	228.5785941	0.110947812	5.17056647	"MC3"	4310	10	0	4
2509535	2022-03-11 19:41:00	229.0354739	2.026162333	5.402131624	"MC2"	4380	12	0	4
2509867	2022-03-11 19:42:00	229.5752353	1.63102604	5.977785719	"MC2"	5960	12	0	1
2509967	2022-03-11 19:43:00	230.4692005	2.559344861	5.709416283	"MC6"	4380	6	0	1
2510045	2022-03-11 19:44:00	228.6391231	2.846215052	5.839611345	"MC5"	4380	12	0	1
2510051	2022-03-11 19:45:00	229.4686349	1.479228186	5.002276822	"MC6"	4950	7	0	3
2510239	2022-03-11 19:46:00	232.1001928	1.068566977	5.34363209	"MC1"	8520	12	1	1
2510283	2022-03-11 19:47:00	229.3552473	1.197542375	5.988840209	"MC2"	4950	12	0	1
2510303	2022-03-11 19:48:00	228.3410245	2.08632301	5.650747109	"MC1"	4380	12	0	4
2510643	2022-03-11 19:49:00	233.5510594	3.659232672	5.543072283	"MC6"	3630	6	1	2
2510835	2022-03-11 19:50:00	231.1073036	3.91294034	5.725427661	"MC3"	4950	6	0	1
2510981	2022-03-11 19:51:00	229.699474	2.570379515	5.925864674	"MC5"	4380	6	0	NA
2510987	2022-03-11 19:52:00	230.666101	2.052309314	5.009376213	"MC1"	4380	7	0	3
2511017	2022-03-11 19:53:00	232.1920544	1.16647051	5.208742214	"MC1"	4380	12	1	2
2511323	2022-03-11 19:54:00	230.9896309	3.082334192	5.255463943	"MC1"	3630	12	0	2
2511455	2022-03-11 19:55:00	229.2308615	2.300747179	5.235771886	"MC3"	4310	6	0	2
2511545	2022-03-11 19:56:00	231.1920488	2.341793414	5.190075447	"MC5"	4390	6	0	NA
2511747	2022-03-11 19:57:00	232.7626871	0.833040807	5.759210277	"MC1"	4310	6	1	1
2511795	2022-03-11 19:58:00	232.6934395	2.667976904	5.412436234	"MC5"	5960	12	1	1
2511853	2022-03-11 19:59:00	229.5098884	0.194675422	5.534345051	"MC2"	8520	12	0	1
2511917	2022-03-11 20:00:00	229.6274722	0.064035238	5.947966933	"MC1"	4380	12	0	1
2512127	2022-03-11 20:01:00	233.7038456	0.628598623	5.348809486	"MC5"	2970	10	1	NA
2512603	2022-03-11 20:02:00	229.7592579	3.339844189	5.446669508	"MC2"	8520	7	0	2
2512827	2022-03-11 20:03:00	230.4786982	1.46815111	5.720039474	"MC4"	4310	6	0	4
2512877	2022-03-11 20:04:00	228.3931634	1.576617856	5.761770043	"MC1"	4950	12	0	3
2512895	2022-03-11 20:05:00	230.8412189	3.552066812	5.367832707	"MC3"	4310	6	0	2
2512955	2022-03-11 20:06:00	233.0089178	1.532435848	5.872286405	"MC2"	4380	12	1	2
2513079	2022-03-11 20:07:00	226.6086488	2.812233125	5.020875569	"MC1"	3750	12	0	4
2513117	2022-03-11 20:08:00	229.2861925	1.012177553	5.790372776	"MC1"	4950	12	0	3
2513145	2022-03-11 20:09:00	227.2581329	3.517296485	5.345366403	"MC6"	4310	6	0	1
2513175	2022-03-11 20:10:00	231.8169478	1.766553231	5.374538033	"MC3"	5960	6	0	4
2513419	2022-03-11 20:11:00	229.6161427	1.663532451	5.551025909	"MC6"	4950	6	0	1
2513435	2022-03-11 20:12:00	233.8826638	1.136038696	5.526801441	"MC4"	3740	8	1	2
2513617	2022-03-11 20:13:00	229.7243502	1.855339978	5.30898493	"MC4"	8520	6	0	1
2513917	2022-03-11 20:14:00	230.6177528	1.967373933	5.214576647	"MC4"	4310	12	0	2
2514043	2022-03-11 20:15:00	230.8661758	0.618224784	5.431652852	"MC2"	4380	6	0	3
2514111	2022-03-11 20:16:00	229.5411105	2.293064358	5.928286601	"MC6"	2970	12	0	NA
2514191	2022-03-11 20:17:00	228.0949304	2.324928084	5.085698203	"MC1"	5960	12	0	1
2514399	2022-03-11 20:18:00	231.925066	2.689056556	5.483663112	"MC3"	4310	6	0	1
2514609	2022-03-11 20:19:00	229.7461543	1.781465263	5.722801314	"MC1"	8520	12	0	2
2515057	2022-03-11 20:20:00	229.489846	0.585026524	5.799393025	"MC2"	4950	12	0	2
2515511	2022-03-11 20:21:00	228.8431964	2.249753429	5.626873634	"MC6"	4380	12	0	NA
2515859	2022-03-11 20:22:00	235.7206143	1.194578322	5.074839962	"MC3"	4950	6	1	1
2515929	2022-03-11 20:23:00	234.5017681	1.663741046	5.229177128	"MC2"	4310	6	1	1
2516149	2022-03-11 20:24:00	229.8506077	0.906575738	5.483787842	"MC6"	3630	6	0	2
2516299	2022-03-11 20:25:00	229.8529746	1.897671302	5.049037959	"MC5"	4310	6	0	3
2516339	2022-03-11 20:26:00	232.1821548	0.46606556	5.576792812	"MC4"	4310	6	1	1
2516575	2022-03-11 20:27:00	227.6710793	1.956303834	5.232818727	"MC6"	4950	6	0	2
2516617	2022-03-11 20:28:00	227.3672144	1.870520579	5.728505231	"MC3"	3740	6	0	NA
2516637	2022-03-11 20:29:00	228.9330889	2.658592469	5.741424825	"MC5"	4380	6	0	NA
2516815	2022-03-11 20:30:00	229.6218002	2.150316363	5.248831712	"MC2"	360	12	0	1
2516941	2022-03-11 20:31:00	232.832702	1.539652017	5.336706603	"MC5"	3630	6	1	1
2517151	2022-03-11 20:32:00	228.0955678	1.138162354	5.966584746	"MC2"	3630	7	0	4
2517245	2022-03-11 20:33:00	232.102044	1.94932434	5.737164117	"MC1"	4380	12	1	3
2517373	2022-03-11 20:34:00	233.3015134	1.74863515	5.30155663	"MC3"	4380	12	1	2
2517437	2022-03-11 20:35:00	230.776706	2.259987968	5.648403966	"MC2"	5960	6	0	2
2517521	2022-03-11 20:36:00	227.9481601	2.694602643	5.785040108	"MC6"	3740	6	0	1
2517523	2022-03-11 20:37:00	230.7104383	3.385867407	5.241100885	"MC1"	5960	12	0	2
2517887	2022-03-11 20:38:00	230.8015698	1.32510809	5.594762303	"MC2"	5960	7	0	2
2517965	2022-03-11 20:39:00	234.9548322	2.619510675	5.37478275	"MC6"	4310	6	1	3
2518193	2022-03-11 20:40:00	232.4625036	0.814806413	5.910403064	"MC2"	8520	12	1	1
2518725	2022-03-11 20:41:00	232.3773384	3.693881354	5.909614719	"MC6"	4310	6	1	NA
2518865	2022-03-11 20:42:00	231.8881282	2.531706741	5.416288904	"MC5"	5960	6	0	1
2518907	2022-03-11 20:43:00	233.729623	0.917316296	5.312413273	"MC6"	2970	6	1	2
2518915	2022-03-11 20:44:00	230.4554944	1.123283683	5.923950731	"MC2"	4310	6	0	1
2519019	2022-03-11 20:45:00	231.195145	1.702798021	5.714591576	"MC2"	4950	12	0	3
2519175	2022-03-11 20:46:00	228.8810369	0.524756217	5.582916704	"MC6"	4380	6	0	NA
2519185	2022-03-11 20:47:00	228.6073426	0.792369643	5.733941988	"MC2"	8520	12	0	1
2519373	2022-03-11 20:48:00	232.6602993	3.666806283	5.259778471	"MC2"	4310	7	1	2
2519483	2022-03-11 20:49:00	229.4976549	2.081334731	5.497131854	"MC2"	3640	12	0	2
2519967	2022-03-11 20:50:00	231.8081559	3.49911597	5.541640347	"MC6"	4310	12	0	NA
2520055	2022-03-11 20:51:00	228.3940951	1.504368224	5.368348853	"MC1"	4380	12	0	1
2520157	2022-03-11 20:52:00	227.0209668	0.962362952	5.701035144	"MC2"	4950	6	0	4
2520159	2022-03-11 20:53:00	226.8493148	0.348790154	5.072546558	"MC3"	5960	6	0	1
2520177	2022-03-11 20:54:00	229.5739014	0.488498935	5.794705281	"MC2"	4310	12	0	1
2520219	2022-03-11 20:55:00	227.1526205	1.115493295	5.486168049	"MC6"	5960	12	0	2
2520255	2022-03-11 20:56:00	228.7678021	2.261750296	5.141673706	"MC2"	4310	12	0	1
2520485	2022-03-11 20:57:00	229.7872098	2.689387471	5.019674154	"MC3"	2970	8	0	2
2520619	2022-03-11 20:58:00	229.4528865	0.732436951	5.200032911	"MC1"	4380	12	0	2
2520753	2022-03-11 20:59:00	232.6103696	0.833495344	5.437811214	"MC2"	8520	6	1	1
2520859	2022-03-11 21:00:00	234.4508134	3.688664203	5.130545235	"MC6"	4950	6	1	1
2521729	2022-03-11 21:01:00	233.0204128	3.100531865	5.406176001	"MC3"	4310	6	1	2
2521865	2022-03-11 21:02:00	227.2278709	2.276540234	5.483674714	"MC2"	8520	6	0	2
2521921	2022-03-11 21:03:00	229.9333978	1.46937192	5.817303578	"MC2"	5960	12	0	2
2521987	2022-03-11 21:04:00	226.4994548	2.3099561	5.878438451	"MC1"	4310	10	0	4
2522071	2022-03-11 21:05:00	231.9966527	3.12485441	5.458402602	"MC3"	4310	6	0	1
2522079	2022-03-11 21:06:00	230.052192	0.18953777	5.408620279	"MC6"	3110	12	0	NA
2522419	2022-03-11 21:07:00	230.7297147	3.012379329	5.254942211	"MC2"	3640	10	0	4
2522427	2022-03-11 21:08:00	228.097481	3.296121718	5.819776578	"MC2"	5960	12	0	1
2522593	2022-03-11 21:09:00	230.6686241	1.642218078	5.006450823	"MC3"	8520	6	0	1
2522659	2022-03-11 21:10:00	233.1223582	3.990801643	5.18714284	"MC5"	4310	6	1	1
2522845	2022-03-11 21:11:00	232.1757926	1.504113154	5.991326854	"MC1"	4310	10	1	4
2523069	2022-03-11 21:12:00	227.9391038	1.90995457	5.842661361	"MC6"	5960	12	0	3
2523071	2022-03-11 21:13:00	232.1715042	0.317821989	5.866996805	"MC2"	4310	6	1	1
2523879	2022-03-11 21:14:00	230.8100251	2.814300868	5.894088801	"MC5"	4380	6	0	NA
2524131	2022-03-11 21:15:00	232.6868503	1.679148253	5.246390969	"MC2"	4310	12	1	2
2524731	2022-03-11 21:16:00	230.3070333	2.01881439	5.948826826	"MC2"	4380	6	0	2
2524951	2022-03-11 21:17:00	231.3955408	1.991465578	5.165839492	"MC6"	4310	6	0	NA
2525121	2022-03-11 21:18:00	228.5367782	3.507421029	5.173714493	"MC2"	4310	12	0	2
2525131	2022-03-11 21:19:00	230.8745386	1.577947932	5.034873969	"MC1"	360	12	0	4
2525151	2022-03-11 21:20:00	227.2563916	1.074161942	5.912864471	"MC4"	2970	6	0	2
2525183	2022-03-11 21:21:00	233.2302485	2.770650275	5.175863165	"MC1"	4310	12	1	1
2525355	2022-03-11 21:22:00	228.3840988	0.9446203	5.628865919	"MC5"	4310	6	0	1
2525363	2022-03-11 21:23:00	230.2568872	0.152306931	5.274521425	"MC2"	4950	12	0	3
2525499	2022-03-11 21:24:00	232.163149	2.598049953	5.811331887	"MC2"	4310	6	1	3
2525619	2022-03-11 21:25:00	233.0448126	3.634548435	5.859946693	"MC2"	3640	12	1	2
2525941	2022-03-11 21:26:00	231.1342493	2.842276498	5.35555002	"MC3"	4950	6	0	1
2526157	2022-03-11 21:27:00	230.9690699	2.607539788	5.880736202	"MC4"	2970	8	0	4
2526451	2022-03-11 21:28:00	231.443394	0.145851702	5.31788866	"MC4"	4950	6	0	3
2526885	2022-03-11 21:29:00	230.4722766	3.682314954	5.94722155	"MC1"	4380	12	0	2
2527027	2022-03-11 21:30:00	230.9503193	3.816051819	5.734428934	"MC6"	2970	8	0	1
2527535	2022-03-11 21:31:00	229.8317873	3.141055452	5.241998548	"MC4"	4310	12	0	3
2527623	2022-03-11 21:32:00	232.666997	0.385066493	5.923132872	"MC2"	2970	6	1	2
2528315	2022-03-11 21:33:00	231.024747	1.105818275	5.074789021	"MC2"	8520	12	0	4
2528347	2022-03-11 21:34:00	228.9562258	3.846344349	5.030110394	"MC6"	4310	6	0	1
2528407	2022-03-11 21:35:00	230.8886444	0.411128185	5.631387189	"MC5"	4310	6	0	4
2528687	2022-03-11 21:36:00	229.6098068	3.828892706	5.977055468	"MC6"	4310	6	0	NA
2529253	2022-03-11 21:37:00	229.1964173	1.093422135	5.526749636	"MC2"	8520	12	0	2
2529331	2022-03-11 21:38:00	230.3373176	3.08253918	5.657171773	"MC4"	5960	6	0	2
2529377	2022-03-11 21:39:00	230.9722901	2.804371565	5.84812407	"MC1"	8520	12	0	4
2529413	2022-03-11 21:40:00	230.9564315	1.21704833	5.717654244	"MC2"	5960	12	0	4
2529741	2022-03-11 21:41:00	230.5893813	2.190087872	5.053868725	"MC5"	4310	6	0	1
2529787	2022-03-11 21:42:00	232.9458031	2.556030956	5.174616459	"MC2"	4380	12	1	2
2530109	2022-03-11 21:43:00	232.0616966	0.500714327	5.399839054	"MC2"	5960	10	1	2
2530309	2022-03-11 21:44:00	231.9008637	2.312372138	5.837987292	"MC2"	4380	6	0	1
2530853	2022-03-11 21:45:00	236.4592497	1.619752718	5.337179777	"MC1"	4380	6	1	2
2530939	2022-03-11 21:46:00	229.2962504	3.577649479	5.936859744	"MC1"	4380	12	0	2
2531231	2022-03-11 21:47:00	232.6921521	1.759839615	5.975820279	"MC6"	5960	12	1	4
2531285	2022-03-11 21:48:00	231.2260717	0.91636189	5.892528419	"MC2"	8520	12	0	3
2531581	2022-03-11 21:49:00	233.7385835	3.642325021	5.691235972	"MC5"	3110	12	1	2
2531621	2022-03-11 21:50:00	229.9685238	0.920910438	5.798983316	"MC4"	4950	6	0	NA
2532055	2022-03-11 21:51:00	230.7546841	1.212953192	5.687709934	"MC1"	4310	6	0	3
2532351	2022-03-11 21:52:00	234.0182106	1.513770418	5.141463746	"MC2"	1234	12	1	NA
2532835	2022-03-11 21:53:00	225.9593906	2.562303172	5.413621183	"MC2"	4310	7	0	1
2532841	2022-03-11 21:54:00	228.1240424	1.405392897	5.871288604	"MC4"	4950	8	0	1
2532847	2022-03-11 21:55:00	228.6813414	3.778872139	5.70387366	"MC5"	2970	8	0	2
2532927	2022-03-11 21:56:00	228.4401571	2.259363357	5.385699922	"MC2"	3630	10	0	1
2532959	2022-03-11 21:57:00	229.6470885	2.350609681	5.416944932	"MC2"	4950	12	0	1
2532977	2022-03-11 21:58:00	229.8311141	0.875163908	5.591220981	"MC6"	2970	6	0	1
2533155	2022-03-11 21:59:00	229.6180362	2.675988942	5.471560871	"MC6"	4380	6	0	1
2533173	2022-03-11 22:00:00	232.9247719	0.583307955	5.74421222	"MC5"	4310	12	1	NA
2533249	2022-03-11 22:01:00	231.4074949	1.246098106	5.012427913	"MC1"	8520	6	0	1
2533427	2022-03-11 22:02:00	229.7137677	0.030130577	5.131492325	"MC6"	5960	8	0	2
2533923	2022-03-11 22:03:00	232.8653091	3.811367623	5.092336448	"MC3"	4950	6	1	2
2533975	2022-03-11 22:04:00	231.260496	3.353605303	5.529105667	"MC1"	4310	6	0	NA
2533985	2022-03-11 22:05:00	232.5166595	2.082820169	5.214349647	"MC5"	4310	8	1	NA
2534423	2022-03-11 22:06:00	231.4440022	1.68701334	5.299575701	"MC3"	4380	6	0	2
2534653	2022-03-11 22:07:00	233.9074461	2.971195703	5.426625194	"MC2"	8520	7	1	3
2534903	2022-03-11 22:08:00	234.8069938	0.051602172	5.491652263	"MC2"	5960	12	1	1
2534935	2022-03-11 22:09:00	234.8234442	0.851540728	5.999618902	"MC1"	4950	12	1	1
2535155	2022-03-11 22:10:00	231.3971037	1.507645101	5.114622849	"MC4"	3740	6	0	NA
2535215	2022-03-11 22:11:00	230.3762217	0.213693283	5.390454624	"MC6"	4310	6	0	4
2535253	2022-03-11 22:12:00	231.4399904	1.69268393	5.461894996	"MC1"	4950	12	0	2
2535351	2022-03-11 22:13:00	234.5202578	1.647584707	5.321331891	"MC6"	8520	12	1	1
2535379	2022-03-11 22:14:00	235.6633412	0.458985979	5.602918384	"MC3"	4310	8	1	2
2536029	2022-03-11 22:15:00	231.9653369	0.225617334	5.683900297	"MC4"	4310	6	0	3
2536193	2022-03-11 22:16:00	234.1408415	0.482042846	5.171031284	"MC2"	2970	6	1	2
2536609	2022-03-11 22:17:00	228.4942946	3.847337328	5.026748824	"MC2"	2970	12	0	3
2536937	2022-03-11 22:18:00	230.4046246	0.675335331	5.593790897	"MC2"	4310	12	0	NA
2537029	2022-03-11 22:19:00	230.6094045	0.341606433	5.337719109	"MC1"	4380	12	0	1
2537161	2022-03-11 22:20:00	233.2660586	2.44902878	5.715379691	"MC6"	4310	6	1	3
2537323	2022-03-11 22:21:00	229.9891101	2.640014688	5.195719401	"MC6"	4310	6	0	2
2537347	2022-03-11 22:22:00	235.1439266	0.196735978	5.491891812	"MC2"	2970	12	1	NA
2538165	2022-03-11 22:23:00	234.4034714	1.599730393	5.311647915	"MC2"	8520	12	1	1
2539067	2022-03-11 22:24:00	232.0192674	0.259750659	5.955802361	"MC2"	3630	12	1	1
2539069	2022-03-11 22:25:00	230.4747949	3.393818225	5.968691684	"MC4"	4380	12	0	NA
2539341	2022-03-11 22:26:00	229.6155168	2.509294209	5.277636719	"MC1"	4380	12	0	2
2539427	2022-03-11 22:27:00	234.9942516	3.291240423	5.020465237	"MC4"	4310	12	1	NA
2539675	2022-03-11 22:28:00	227.7211589	1.415753616	5.294111058	"MC3"	2730	6	0	3
2540087	2022-03-11 22:29:00	224.2315747	2.020788381	5.919171272	"MC1"	4380	12	0	2
2540153	2022-03-11 22:30:00	226.8030579	2.710260773	5.803147609	"MC2"	5960	6	0	3
2540159	2022-03-11 22:31:00	226.3636315	0.211591744	5.168215245	"MC1"	4310	6	0	2
2540233	2022-03-11 22:32:00	225.6306659	1.975808434	5.565272583	"MC1"	4950	12	0	1
2540369	2022-03-11 22:33:00	231.9432132	2.455260826	5.790329098	"MC1"	8520	12	0	3
2540549	2022-03-11 22:34:00	232.6808871	0.293372199	5.719084181	"MC1"	2970	12	1	4
2540763	2022-03-11 22:35:00	231.205383	0.244855713	5.104850991	"MC4"	5960	6	0	1
2540775	2022-03-11 22:36:00	232.9124286	3.788380202	5.876792157	"MC5"	2970	6	1	2
2540935	2022-03-11 22:37:00	229.1645143	1.497732822	5.254685143	"MC5"	4380	6	0	1
2541111	2022-03-11 22:38:00	229.2732492	1.394476808	5.35992018	"MC1"	4950	12	0	1
2541251	2022-03-11 22:39:00	232.5093567	1.028872171	5.902920167	"MC1"	2970	12	1	2
2541283	2022-03-11 22:40:00	231.1694479	1.210161618	5.870888	"MC3"	4380	12	0	1
2541367	2022-03-11 22:41:00	230.3676609	0.543437051	5.850721921	"MC1"	4380	12	0	2
2541987	2022-03-11 22:42:00	233.9297412	2.52217837	5.978725491	"MC5"	4310	12	1	NA
2542153	2022-03-11 22:43:00	232.4899215	3.588695834	5.987845837	"MC2"	4950	12	1	2
2542287	2022-03-11 22:44:00	229.6276732	0.546195879	5.693212511	"MC3"	8520	12	0	1
2542487	2022-03-11 22:45:00	235.0739376	0.474045994	5.281031348	"MC1"	8520	12	1	4
2542623	2022-03-11 22:46:00	235.0915359	3.111440143	5.285958166	"MC1"	4310	12	1	3
2543003	2022-03-11 22:47:00	233.0206837	1.56133929	5.383972284	"MC2"	4310	12	1	4
2543117	2022-03-11 22:48:00	232.2784392	1.024297636	5.308473011	"MC6"	5960	10	1	2
2543257	2022-03-11 22:49:00	231.9310249	0.826561631	5.933645779	"MC1"	5960	12	0	3
2543497	2022-03-11 22:50:00	233.4712892	3.984436031	5.95574572	"MC4"	4310	6	1	2
2543641	2022-03-11 22:51:00	230.4932428	2.513114614	5.987799907	"MC2"	4310	6	0	1
2543683	2022-03-11 22:52:00	231.2901486	3.516026098	5.152708013	"MC6"	4380	12	0	1
2543747	2022-03-11 22:53:00	229.8859212	2.699833335	5.457861077	"MC1"	8520	6	0	2
2543937	2022-03-11 22:54:00	228.8606824	2.425620235	5.570013486	"MC5"	5960	6	0	1
2544037	2022-03-11 22:55:00	231.0798257	3.044326659	5.578588984	"MC2"	4380	12	0	4
2544227	2022-03-11 22:56:00	230.6859127	2.938357731	5.59905418	"MC3"	4310	6	0	3
2544275	2022-03-11 22:57:00	234.1738563	1.232667928	5.907365126	"MC2"	5960	12	1	2
2544407	2022-03-11 22:58:00	232.9072594	1.231980695	5.512606889	"MC5"	2970	10	1	NA
2544419	2022-03-11 22:59:00	229.664867	0.978767752	5.258030833	"MC2"	5960	12	0	1
2544451	2022-03-11 23:00:00	231.4990904	2.771034573	5.692962179	"MC2"	8520	12	0	1
2544621	2022-03-11 23:01:00	233.7986325	2.255343257	5.513496663	"MC2"	3640	12	1	NA
2544691	2022-03-11 23:02:00	236.7207765	0.620128816	5.213499439	"MC3"	2970	12	1	2
2544705	2022-03-11 23:03:00	237.6345436	0.52029575	5.962820787	"MC6"	4380	12	1	2
2544763	2022-03-11 23:04:00	233.3953295	3.813164256	5.48958308	"MC2"	4950	12	1	4
2544793	2022-03-11 23:05:00	238.3293187	1.58447032	5.419459686	"MC2"	2970	8	1	1
2544837	2022-03-11 23:06:00	232.8107006	3.558588321	5.208057034	"MC2"	3640	12	1	1
2544847	2022-03-11 23:07:00	233.7739071	0.346160342	5.166395676	"MC5"	3630	6	1	1
2544903	2022-03-11 23:08:00	233.3029668	1.06048316	5.68439647	"MC3"	4310	6	1	4
2545189	2022-03-11 23:09:00	233.1215231	0.94112191	5.555828697	"MC5"	2970	12	1	NA
2545193	2022-03-11 23:10:00	232.1928492	1.978903629	5.552983955	"MC1"	5960	12	1	1
2545279	2022-03-11 23:11:00	233.4281296	2.77048665	5.248465663	"MC6"	3750	6	1	2
2545637	2022-03-11 23:12:00	231.5585814	3.028599897	5.867245617	"MC1"	4950	12	0	1
2545765	2022-03-11 23:13:00	235.6370139	1.286377438	5.48809812	"MC3"	2730	6	1	2
2545795	2022-03-11 23:14:00	235.3606098	3.383278884	5.134652498	"MC1"	8520	7	1	2
2545867	2022-03-11 23:15:00	235.6274744	3.077346548	5.671844224	"MC4"	4950	8	1	2
2546057	2022-03-11 23:16:00	234.5357998	0.623321917	5.394119008	"MC5"	4310	6	1	3
2546373	2022-03-11 23:17:00	231.9642106	0.875385747	5.954752424	"MC1"	3740	12	0	NA
2546381	2022-03-11 23:18:00	230.7774011	3.745389554	5.376438912	"MC1"	4950	12	0	1
2546569	2022-03-11 23:19:00	232.0376835	2.658552015	5.091634916	"MC1"	4310	6	1	2
2546747	2022-03-11 23:20:00	229.8225349	2.713346595	5.217552594	"MC3"	5960	12	0	1
2546781	2022-03-11 23:21:00	229.1633578	2.372794158	5.325615872	"MC5"	4310	12	0	NA
2546823	2022-03-11 23:22:00	231.968771	1.782457133	5.079638272	"MC3"	4310	6	0	2
2546929	2022-03-11 23:23:00	229.9026234	1.988514185	5.200057118	"MC1"	4310	6	0	1
2547005	2022-03-11 23:24:00	231.623805	1.8245372	5.031290015	"MC3"	2970	6	0	1
2547133	2022-03-11 23:25:00	231.2885589	1.979509328	5.680059675	"MC3"	2970	8	0	1
2547383	2022-03-11 23:26:00	234.9499107	3.4511859	5.496263999	"MC1"	4310	12	1	4
2547457	2022-03-11 23:27:00	232.0357689	1.092408037	5.915758268	"MC5"	3630	6	1	1
2547969	2022-03-11 23:28:00	233.7338319	2.475186917	5.373624711	"MC5"	2970	6	1	2
2547997	2022-03-11 23:29:00	233.0498934	1.3861878	5.194330624	"MC6"	4380	12	1	2
2548147	2022-03-11 23:30:00	231.8402134	0.494304425	5.402035232	"MC1"	4950	12	0	3
2548227	2022-03-11 23:31:00	235.6370179	0.740767989	5.631650925	"MC4"	4950	6	1	3
2548339	2022-03-11 23:32:00	232.0802075	1.64483774	5.096388483	"MC5"	4310	6	1	1
2548387	2022-03-11 23:33:00	232.5218638	0.254755619	5.730918839	"MC3"	4950	8	1	1
2548433	2022-03-11 23:34:00	231.2300527	1.423444104	5.04041609	"MC1"	5960	12	0	1
2548525	2022-03-11 23:35:00	232.584224	0.841434696	5.561459104	"MC2"	5960	12	1	3
2548539	2022-03-11 23:36:00	232.9215239	1.68621897	5.662381466	"MC1"	5960	8	1	2
2548673	2022-03-11 23:37:00	231.8119967	1.499102364	5.652805516	"MC6"	4380	6	0	3
2548675	2022-03-11 23:38:00	232.3032804	2.679239412	5.099713156	"MC1"	8520	12	1	2
2548883	2022-03-11 23:39:00	231.4220086	1.374606319	5.66344839	"MC1"	3640	12	0	NA
2548959	2022-03-11 23:40:00	235.1071557	1.011788138	5.312511197	"MC4"	3740	8	1	NA
2549109	2022-03-11 23:41:00	234.6079398	2.554119997	5.684270925	"MC5"	3110	6	1	4
2549139	2022-03-11 23:42:00	232.0054464	0.823251473	5.640146751	"MC5"	4310	6	1	1
2549249	2022-03-11 23:43:00	230.1720075	1.326564887	5.267278565	"MC5"	4310	12	0	NA
2549263	2022-03-11 23:44:00	232.3086491	1.680769456	5.50042823	"MC6"	4950	12	1	1
2549397	2022-03-11 23:45:00	233.3305891	1.656466007	5.505919347	"MC3"	8520	7	1	4
2549415	2022-03-11 23:46:00	233.620066	2.995116638	5.823018729	"MC1"	3630	12	1	4
2549443	2022-03-11 23:47:00	233.4077478	0.146405156	5.298433742	"MC3"	2730	6	1	1
2549491	2022-03-11 23:48:00	235.10927	2.627145196	5.786260181	"MC6"	4310	6	1	NA
2549591	2022-03-11 23:49:00	231.5707049	1.514061486	5.613027773	"MC5"	3630	6	0	2
2549613	2022-03-11 23:50:00	231.8579063	1.031466787	5.184677954	"MC1"	2730	12	0	2
2549619	2022-03-11 23:51:00	232.9006371	0.710267466	5.002299946	"MC2"	3640	12	1	4
2549767	2022-03-11 23:52:00	232.4495287	2.77930858	5.192420817	"MC6"	NA	6	1	NA
2549791	2022-03-11 23:53:00	230.4854615	2.483720631	5.168792045	"MC4"	4950	6	0	3
2549867	2022-03-11 23:54:00	227.5142807	1.764222136	5.006442217	"MC1"	4310	6	0	NA
2549873	2022-03-11 23:55:00	226.392833	0.846419116	5.901618286	"MC3"	4310	12	0	4
2549895	2022-03-11 23:56:00	226.5445036	3.580385605	5.915649595	"MC5"	3630	6	0	1
2549903	2022-03-11 23:57:00	225.6036984	3.484463095	5.751345321	"MC2"	4950	6	0	1
2549925	2022-03-11 23:58:00	228.5178176	3.452399154	5.164648162	"MC3"	3740	7	0	2
2549927	2022-03-11 23:59:00	228.037824	3.482266048	5.026064487	"MC4"	8520	12	0	1
2502713	2022-03-11 09:00:00	231.2087157	2.210420202	5.393852085	"MC2"	4310	8	0	4
2502767	2022-03-11 09:01:00	230.6814303	2.425415036	5.375390211	"MC3"	4310	6	0	4
2502843	2022-03-11 09:02:00	230.6722572	2.567072407	5.644148077	"MC6"	4380	6	0	NA
2502865	2022-03-11 09:03:00	230.5575661	2.476865059	5.878404797	"MC6"	4380	6	0	NA
2502915	2022-03-11 09:04:00	233.5827111	0.091685104	5.414934256	"MC2"	3740	12	1	3
2502961	2022-03-11 09:05:00	230.9375778	3.011866934	5.994765011	"MC2"	5960	12	0	3
2503021	2022-03-11 09:07:00	231.7733631	3.078184178	5.52179015	"MC3"	2970	8	0	2
2503103	2022-03-11 09:08:00	230.7461316	0.999558107	5.785420475	"MC1"	8520	12	0	2
2503111	2022-03-11 09:09:00	232.7869197	2.621546812	5.367968381	"MC1"	4950	12	1	2
2503129	2022-03-11 09:10:00	233.1580454	1.71722537	5.332100877	"MC3"	4380	12	1	2
2503181	2022-03-11 09:11:00	229.3950155	3.923402289	5.524538461	"MC4"	4310	12	0	4
2503305	2022-03-11 09:12:00	227.7539133	0.128127628	5.841130256	"MC2"	4310	12	0	4
2503375	2022-03-11 09:13:00	229.3940817	1.644919019	5.741212241	"MC2"	8520	12	0	2
2503443	2022-03-11 09:14:00	232.6898647	0.861509463	5.66099105	"MC5"	4950	6	1	1
2503469	2022-03-11 09:15:00	231.4883084	3.157422735	5.886008306	"MC3"	4310	6	0	NA
2503655	2022-03-11 09:16:00	232.7027397	0.248059307	5.802027791	"MC2"	360	12	1	1
2503693	2022-03-11 09:17:00	230.3712634	1.478891664	5.675250646	"MC4"	4950	12	0	2
2503947	2022-03-11 09:18:00	234.7031743	2.463305412	5.579399473	"MC1"	8520	12	1	1
2503959	2022-03-11 09:19:00	232.3004892	0.579100082	5.17260694	"MC4"	4310	6	1	NA
2504525	2022-03-11 09:20:00	229.5502367	1.478057171	5.191886445	"MC1"	4310	12	0	2
2504577	2022-03-11 09:21:00	230.4856711	2.695861897	5.569467007	"MC3"	4310	6	0	3
2504613	2022-03-11 09:22:00	231.972322	2.326670552	5.064581473	"MC5"	5960	12	0	2
2504655	2022-03-11 09:23:00	230.0672693	1.678190359	5.001871072	"MC3"	4310	6	0	1
2504897	2022-03-11 09:24:00	232.4094632	1.225512843	5.792791198	"MC6"	4380	6	1	1
2504999	2022-03-11 09:25:00	230.4859749	2.49629412	5.65067784	"MC4"	5960	6	0	1
2505055	2022-03-11 09:26:00	229.1201514	2.458078792	5.45877526	"MC3"	4310	6	0	1
2505259	2022-03-11 09:27:00	230.0554843	3.461575216	5.621606026	"MC3"	2970	8	0	2
2505339	2022-03-11 09:28:00	230.7915617	1.979405626	5.147304426	"MC5"	3630	6	0	1
2505483	2022-03-11 09:29:00	233.1723024	2.402081762	5.607251489	"MC2"	8520	12	1	1
2505519	2022-03-11 09:30:00	235.5832484	0.645292483	5.583091193	"MC6"	2970	10	1	2
2505813	2022-03-11 09:31:00	229.5612149	0.410432317	5.910773061	"MC3"	5960	6	0	2
2505873	2022-03-11 09:32:00	226.9781997	1.497721088	5.648162706	"MC4"	4310	12	0	4
2505883	2022-03-11 09:33:00	227.0288425	3.245121308	5.88637633	"MC4"	4310	12	0	2
2505925	2022-03-11 09:34:00	227.8613904	1.177351225	5.995906217	"MC6"	3750	12	0	NA
2506011	2022-03-11 09:35:00	229.1132159	1.427834563	5.751624472	"MC5"	5656	12	0	NA
2506013	2022-03-11 09:36:00	229.090512	3.520260108	5.03230109	"MC1"	4310	6	0	2
2506089	2022-03-11 09:37:00	229.8704382	3.966805224	5.266545093	"MC5"	2970	10	0	NA
2506107	2022-03-11 09:38:00	229.9848416	0.972144079	5.262533615	"MC2"	2970	6	0	4
2506183	2022-03-11 09:39:00	229.8536496	3.90715132	5.568784582	"MC3"	4310	6	0	1
2506373	2022-03-11 09:40:00	234.7739877	0.461310832	5.435737106	"MC6"	2970	10	1	NA
2506429	2022-03-11 09:41:00	229.5713208	2.394242499	5.184044855	"MC2"	5960	12	0	2
2506559	2022-03-11 09:42:00	229.0705811	2.743694589	5.254727689	"MC1"	4950	12	0	1
2507179	2022-03-11 09:43:00	229.4341631	2.754273103	5.326006565	"MC3"	4380	6	0	2
2507313	2022-03-11 09:44:00	231.5396634	2.975333746	5.388975668	"MC4"	5960	6	0	1
2507337	2022-03-11 09:45:00	231.1981661	3.435878198	5.248364187	"MC1"	4380	12	0	1
2507757	2022-03-11 09:46:00	231.111249	2.13402411	5.744490821	"MC1"	2970	12	0	2
2508363	2022-03-11 09:47:00	231.0868373	3.197072966	5.539734102	"MC6"	3630	6	0	2
2508535	2022-03-11 09:48:00	235.5981108	3.496448869	5.341879822	"MC6"	3750	6	1	1
2509397	2022-03-11 09:49:00	223.479488	0.004257407	5.56705224	"MC6"	4380	6	0	3
2509469	2022-03-11 09:50:00	223.8017001	2.140493151	5.181027294	"MC1"	4310	6	0	1
2509509	2022-03-11 09:51:00	228.29303	3.886312856	5.161485377	"MC5"	3630	6	0	1
2509521	2022-03-11 09:52:00	232.4277315	3.307217959	5.01180732	"MC3"	8520	8	1	2
2510623	2022-03-11 09:53:00	231.2790021	2.066529593	5.969177459	"MC6"	4380	6	0	1
2510683	2022-03-11 09:54:00	229.8032609	3.042262936	5.778041303	"MC1"	4380	12	0	1
2510977	2022-03-11 09:55:00	230.9986012	1.168197377	5.508706312	"MC2"	8520	12	0	4
2511049	2022-03-11 09:56:00	230.1375003	1.075956742	5.892514941	"MC5"	4310	6	0	2
2511365	2022-03-11 09:57:00	229.0042381	0.429240145	5.073229356	"MC2"	4380	6	0	NA
2511615	2022-03-11 09:58:00	231.3816991	2.53719109	5.01011917	"MC5"	4310	6	0	2
2511855	2022-03-11 09:59:00	231.6708971	1.746224704	5.100485143	"MC5"	4950	12	0	1
2549929	2022-03-12 00:00:00	228.6194844	1.916646136	5.78128724	"MC4"	4380	12	0	2
2549975	2022-03-12 00:01:00	228.3267037	1.557118666	5.384920138	"MC1"	4380	12	0	1
2550111	2022-03-12 00:02:00	231.8025414	2.842290088	5.869447418	"MC3"	4310	6	0	1
2550239	2022-03-12 00:03:00	232.7299713	0.431766448	5.760884714	"MC2"	3630	12	1	3
2550245	2022-03-12 00:04:00	229.4878378	2.928542538	5.850762587	"MC6"	3630	6	0	1
2550311	2022-03-12 00:05:00	232.9424299	1.873422374	5.717065805	"MC1"	4380	12	1	2
2550339	2022-03-12 00:06:00	230.9635281	3.366563482	5.400647934	"MC1"	2970	6	0	1
2550387	2022-03-12 00:07:00	231.338866	0.549895362	5.293538793	"MC1"	4950	6	0	2
2550523	2022-03-12 00:08:00	235.146539	1.246025233	5.868174414	"MC1"	8520	12	1	3
2550569	2022-03-12 00:09:00	235.2249773	3.621450398	5.698389698	"MC1"	4310	12	1	NA
2550901	2022-03-12 00:10:00	229.8327435	1.75272733	5.750729187	"MC4"	8520	12	0	2
2550929	2022-03-12 00:11:00	233.5018282	1.654006322	5.600367481	"MC2"	5960	6	1	2
2551161	2022-03-12 00:12:00	234.1866794	1.238529963	5.843781942	"MC5"	2970	12	1	4
2551225	2022-03-12 00:13:00	231.540386	3.396262786	5.721585312	"MC1"	4950	12	0	2
2551305	2022-03-12 00:14:00	232.3145729	1.663152367	5.742643586	"MC3"	4950	8	1	1
2551409	2022-03-12 00:15:00	234.2323422	1.349059046	5.497984586	"MC1"	3630	12	1	1
2551433	2022-03-12 00:16:00	232.0931401	0.654528701	5.962983724	"MC2"	4380	6	1	2
2551589	2022-03-12 00:17:00	231.7230263	3.125931773	5.066380649	"MC2"	4950	12	0	3
2551601	2022-03-12 00:18:00	231.9774227	0.405593473	5.740480329	"MC1"	4310	6	0	NA
2552065	2022-03-12 00:19:00	234.071633	3.860779521	5.975741566	"MC3"	4950	6	1	1
2552109	2022-03-12 00:20:00	231.8871137	2.999431015	5.865765975	"MC5"	4310	12	0	1
2552191	2022-03-12 00:21:00	231.0334432	3.216069182	5.882395793	"MC2"	4310	6	0	4
2552289	2022-03-12 00:22:00	231.8263675	2.390523531	5.374525096	"MC5"	4310	6	0	1
2552381	2022-03-12 00:23:00	228.9313107	2.67147488	5.84880889	"MC6"	2970	6	0	1
2552557	2022-03-12 00:24:00	232.3240756	3.467296889	5.933400963	"MC1"	4950	12	1	4
2552665	2022-03-12 00:25:00	231.4123564	1.462165347	5.719284786	"MC6"	4310	12	0	NA
2552671	2022-03-12 00:26:00	232.5355478	2.439571033	5.854894396	"MC1"	4380	12	1	2
2552675	2022-03-12 00:27:00	233.4532084	0.252869316	5.013288816	"MC1"	4310	12	1	2
2552715	2022-03-12 00:28:00	229.785588	1.814726572	5.397040189	"MC1"	4310	6	0	1
2552839	2022-03-12 00:29:00	234.753748	3.209898571	5.682856264	"MC6"	4310	6	1	3
2552971	2022-03-12 00:30:00	233.2976213	3.27815375	5.619746705	"MC3"	4950	10	1	4
2553231	2022-03-12 00:31:00	233.3892121	1.938129406	5.960472857	"MC3"	4380	8	1	2
2553247	2022-03-12 00:32:00	232.849137	3.26527871	5.70100199	"MC6"	4310	6	1	NA
2553369	2022-03-12 00:33:00	234.2875431	1.728320263	5.984977725	"MC4"	8520	12	1	1
2553613	2022-03-12 00:34:00	228.2402987	3.542774647	5.660891994	"MC1"	4950	12	0	4
2553747	2022-03-12 00:35:00	230.2892613	0.795640514	5.768136379	"MC2"	5960	6	0	2
2553819	2022-03-12 00:36:00	229.825448	3.143240973	5.964311232	"MC1"	3630	6	0	2
2554083	2022-03-12 00:37:00	229.6876616	0.79446116	5.014602992	"MC1"	4380	12	0	NA
2554121	2022-03-12 00:38:00	229.9067571	3.306785074	5.393510943	"MC1"	4380	12	0	2
2554165	2022-03-12 00:39:00	230.4035745	0.356108547	5.684756026	"MC1"	3630	12	0	1
2554653	2022-03-12 00:40:00	230.1502367	2.42915828	5.309192502	"MC5"	4310	8	0	NA
2554791	2022-03-12 00:41:00	232.1505582	1.002211441	5.940608514	"MC5"	2730	12	1	NA
2554811	2022-03-12 00:42:00	233.0470529	1.44161763	5.605916294	"MC1"	4380	12	1	4
2555111	2022-03-12 00:43:00	234.0853267	0.123409615	5.602933582	"MC3"	8520	7	1	2
2555135	2022-03-12 00:44:00	231.5754952	0.913373145	5.511857528	"MC2"	4310	12	0	3
2555203	2022-03-12 00:45:00	229.4817485	2.077414321	5.978854618	"MC1"	4380	6	0	NA
2555225	2022-03-12 00:46:00	232.2315559	0.666241095	5.469338245	"MC2"	4380	12	1	1
2555363	2022-03-12 00:47:00	235.8713453	2.104634879	5.417120432	"MC3"	2970	12	1	NA
2555387	2022-03-12 00:48:00	229.5932588	3.632714816	5.900602497	"MC6"	4310	6	0	4
2555575	2022-03-12 00:49:00	232.030478	3.348917115	5.506159681	"MC3"	4950	8	1	1
2555629	2022-03-12 00:50:00	234.8522864	2.229105023	5.66588023	"MC1"	8520	12	1	2
2555659	2022-03-12 00:51:00	235.971923	2.155569365	5.348065662	"MC6"	5960	10	1	1
2555851	2022-03-12 00:52:00	235.1812203	0.929507679	5.614320555	"MC2"	4950	7	1	2
2555947	2022-03-12 00:53:00	232.5194823	1.847713125	5.569314994	"MC2"	3630	12	1	4
2556109	2022-03-12 00:54:00	231.6075925	1.722792237	5.154808177	"MC1"	8520	12	0	1
2556123	2022-03-12 00:55:00	233.9718386	1.828880908	5.365759111	"MC1"	5960	12	1	1
2556131	2022-03-12 00:56:00	232.9661983	1.237806272	5.008327682	"MC3"	8520	6	1	2
2556191	2022-03-12 00:57:00	233.0981401	2.867546919	5.80799631	"MC6"	2730	6	1	NA
2556269	2022-03-12 00:58:00	236.936639	2.961436714	5.401647203	"MC1"	4310	12	1	1
2556401	2022-03-12 00:59:00	235.0388492	1.798998427	5.45893439	"MC6"	4950	6	1	2
2556413	2022-03-12 01:00:00	232.997621	2.456284468	5.521611508	"MC5"	3640	6	1	2
2556519	2022-03-12 01:01:00	233.1617249	3.033472838	5.312881866	"MC3"	4310	8	1	1
2556541	2022-03-12 01:02:00	235.3290335	0.762405032	5.754539001	"MC4"	4310	6	1	4
2556595	2022-03-12 01:03:00	235.2656471	2.051970298	5.869456244	"MC2"	4950	12	1	1
2556783	2022-03-12 01:04:00	234.8265529	3.739406599	5.24966199	"MC3"	2730	6	1	2
2557307	2022-03-12 01:05:00	229.6194539	2.521902727	5.305027047	"MC6"	3630	6	0	1
2557331	2022-03-12 01:06:00	231.5543135	2.402992046	5.003503172	"MC4"	4310	6	0	1
2557349	2022-03-12 01:07:00	232.4333719	3.105736322	5.322149616	"MC6"	4310	6	1	NA
2557397	2022-03-12 01:08:00	231.8338191	1.701184713	5.421287984	"MC4"	4310	6	0	1
2557646	2022-03-12 01:09:00	225.6903382	3.911365579	5.503718256	"MC4"	4380	6	0	2
2557660	2022-03-12 01:10:00	228.7330222	2.92796319	5.386176964	"MC4"	4380	12	0	NA
2557764	2022-03-12 01:11:00	221.8265625	3.646896056	5.580090362	"MC3"	5960	12	0	2
2557784	2022-03-12 01:12:00	222.3607353	0.451279258	5.085881724	"MC4"	4310	6	0	NA
2557790	2022-03-12 01:13:00	227.024007	2.372635885	5.288541745	"MC5"	2970	10	0	NA
2557794	2022-03-12 01:14:00	227.6197336	3.412047888	5.472625116	"MC5"	2970	6	0	4
2557798	2022-03-12 01:15:00	224.9244656	2.749130729	5.489845146	"MC1"	8520	12	0	2
2557814	2022-03-12 01:16:00	227.4442051	3.921024562	5.285273884	"MC4"	5960	6	0	2
2557816	2022-03-12 01:17:00	222.9053717	3.323573815	5.071788596	"MC4"	4380	12	0	4
2557818	2022-03-12 01:18:00	223.5946296	3.447737667	5.84401512	"MC6"	4310	6	0	NA
2557820	2022-03-12 01:19:00	222.353337	3.452578172	5.065673605	"MC6"	4310	6	0	4
2557828	2022-03-12 01:20:00	225.0688162	1.411369411	5.593418535	"MC2"	4380	12	0	4
2557832	2022-03-12 01:21:00	228.1864478	0.462039827	5.960993988	"MC5"	4310	6	0	2
2557836	2022-03-12 01:22:00	223.1953967	3.380633542	5.729986778	"MC2"	8520	7	0	1
2557840	2022-03-12 01:23:00	226.1217603	0.438257673	5.471070767	"MC3"	8520	6	0	2
2557844	2022-03-12 01:24:00	226.6898158	2.378443602	5.495865762	"MC6"	5960	8	0	1
2557860	2022-03-12 01:25:00	229.2632452	2.506420089	5.788959861	"MC2"	5960	12	0	2
2557868	2022-03-12 01:26:00	225.9323554	0.478978575	5.911107174	"MC3"	5960	12	0	3
2557882	2022-03-12 01:27:00	228.8958781	2.903899302	5.619578654	"MC1"	5850	6	0	2
2557888	2022-03-12 01:28:00	228.3069805	1.624793125	5.168514943	"MC2"	5960	6	0	1
2557898	2022-03-12 01:29:00	227.6456793	0.240994162	5.413414802	"MC3"	4310	12	0	NA
2557908	2022-03-12 01:30:00	225.7349336	0.706739588	5.430706738	"MC5"	4310	6	0	1
2557946	2022-03-12 01:31:00	228.8000073	2.195710489	5.721428876	"MC4"	4380	6	0	NA
2557976	2022-03-12 01:32:00	227.4206818	1.271048001	5.419319957	"MC1"	4310	12	0	NA
2557992	2022-03-12 01:33:00	229.587995	2.363814141	5.852283496	"MC1"	4950	6	0	2
2558002	2022-03-12 01:34:00	230.0922106	0.1080224	5.900605199	"MC2"	8520	12	0	2
2558010	2022-03-12 01:35:00	227.8240687	3.8637015	5.876694594	"MC2"	3740	6	0	NA
2558024	2022-03-12 01:36:00	228.1024179	1.25218856	5.890154021	"MC1"	4310	12	0	2
2558066	2022-03-12 01:37:00	228.6168737	0.130709383	5.439214373	"MC5"	4380	6	0	3
2558084	2022-03-12 01:38:00	229.9777985	3.697647007	5.256568418	"MC6"	4950	6	0	4
2558098	2022-03-12 01:39:00	228.3690666	2.390557848	5.449366067	"MC4"	4310	6	0	2
2558114	2022-03-12 01:40:00	230.4398111	0.322093127	5.551184737	"MC2"	8520	12	0	2
2558238	2022-03-12 01:41:00	231.7423053	1.593966661	5.265092197	"MC2"	5960	12	0	3
2558276	2022-03-12 01:42:00	231.5092665	0.523795082	5.078166853	"MC2"	8520	12	0	2
2558374	2022-03-12 01:43:00	234.3917711	0.766425386	5.985612008	"MC4"	4310	6	1	1
2558444	2022-03-12 01:44:00	230.1724242	2.836158253	5.385404681	"MC6"	2970	6	0	NA
2558542	2022-03-12 01:45:00	232.1417841	0.47131817	5.189326855	"MC1"	5960	12	1	1
2558614	2022-03-12 01:46:00	232.0930895	3.43179243	5.131089981	"MC6"	4310	6	1	2
2558800	2022-03-12 01:47:00	230.1044935	2.751184539	5.315343091	"MC5"	4390	6	0	NA
2558892	2022-03-12 01:48:00	232.0121044	0.705447692	5.004046486	"MC3"	5960	6	1	1
2558964	2022-03-12 01:49:00	234.0019834	3.658660003	5.935461103	"MC3"	4380	6	1	2
2559038	2022-03-12 01:50:00	234.068759	1.894150448	5.891636613	"MC5"	2970	12	1	1
2559134	2022-03-12 01:51:00	232.7178668	0.926880583	5.168669182	"MC5"	4310	12	1	1
2559300	2022-03-12 01:52:00	237.5318852	1.456930521	5.452194172	"MC1"	4380	12	1	1
2559318	2022-03-12 01:53:00	231.6292544	3.382335628	5.254026998	"MC4"	4380	6	0	1
2559376	2022-03-12 01:54:00	232.3131933	0.499613943	5.619711674	"MC4"	4310	7	1	2
2559494	2022-03-12 01:55:00	233.8076792	0.627198786	5.473356107	"MC1"	4950	12	1	2
2559516	2022-03-12 01:56:00	232.7623172	3.378905582	5.487151306	"MC4"	4950	6	1	2
2559768	2022-03-12 01:57:00	236.9381618	3.524523832	5.227963588	"MC2"	4310	10	1	4
2559828	2022-03-12 01:58:00	233.4055806	3.251151087	5.349439545	"MC6"	5960	10	1	3
2559880	2022-03-12 01:59:00	232.9615033	2.893843844	5.055060663	"MC5"	2970	10	1	NA
2560134	2022-03-12 02:00:00	231.9948296	1.570943014	5.036159451	"MC5"	3630	6	0	2
2560272	2022-03-12 02:01:00	232.0657303	3.457946616	5.487989442	"MC1"	4950	6	1	3
2560416	2022-03-12 02:02:00	232.3467614	0.634757447	5.898100264	"MC1"	6160	6	1	3
2560420	2022-03-12 02:03:00	231.9927238	2.272980708	5.732546593	"MC6"	4380	6	0	2
2560518	2022-03-12 02:04:00	233.243758	3.484051774	5.466194049	"MC1"	4950	12	1	2
2560664	2022-03-12 02:05:00	231.4209003	3.209847262	5.084560872	"MC2"	8520	8	0	4
2560676	2022-03-12 02:06:00	230.4186264	3.231097421	5.834319944	"MC3"	4310	6	0	1
2560770	2022-03-12 02:07:00	231.9315584	0.135948112	5.242938666	"MC4"	4380	6	0	1
2560782	2022-03-12 02:08:00	232.0412498	0.835004026	5.836427332	"MC1"	4380	8	1	1
2560940	2022-03-12 02:09:00	230.3632105	1.656084014	5.761246543	"MC3"	2970	8	0	2
2560950	2022-03-12 02:10:00	234.1297239	2.016531317	5.615138641	"MC1"	4310	6	1	NA
2561130	2022-03-12 02:11:00	232.814613	3.167805319	5.741889329	"MC5"	4310	6	1	NA
2561244	2022-03-12 02:12:00	230.7951933	0.358188642	5.274513188	"MC6"	4950	6	0	4
2561266	2022-03-12 02:13:00	236.0763126	3.618695798	5.92547143	"MC5"	3740	6	1	2
2561504	2022-03-12 02:14:00	233.5401357	0.93930962	5.245675519	"MC4"	4380	6	1	1
2561610	2022-03-12 02:15:00	232.3909171	1.638219051	5.070091682	"MC5"	4380	10	1	4
2561686	2022-03-12 02:16:00	229.6774543	1.999147393	5.363161276	"MC2"	5960	12	0	1
2561786	2022-03-12 02:17:00	230.9471434	2.797783466	5.000890957	"MC5"	8520	12	0	1
2561868	2022-03-12 02:18:00	232.5291288	0.639601311	5.716905904	"MC2"	5960	10	1	1
2561936	2022-03-12 02:19:00	230.9020021	0.560778072	5.666872744	"MC1"	5960	12	0	2
2561966	2022-03-12 02:20:00	234.8738354	0.530903888	5.89083351	"MC2"	3630	6	1	2
2562090	2022-03-12 02:21:00	230.1128991	0.191526582	5.547424055	"MC1"	4950	12	0	2
2562096	2022-03-12 02:22:00	228.7038365	2.669583882	5.453544475	"MC1"	2970	8	0	1
2562120	2022-03-12 02:23:00	228.4016018	3.95496342	5.090421001	"MC5"	4370	6	0	NA
2562152	2022-03-12 02:24:00	229.4900486	0.049739755	5.232648731	"MC4"	4310	6	0	3
2562198	2022-03-12 02:25:00	232.4824004	0.412287193	5.324491326	"MC1"	3630	6	1	1
2562302	2022-03-12 02:26:00	230.141884	0.286127838	5.837515209	"MC2"	4310	15	0	4
2562332	2022-03-12 02:27:00	230.9257838	3.483534746	5.452428161	"MC2"	4380	12	0	4
2562364	2022-03-12 02:28:00	229.8406526	2.226343399	5.509787305	"MC4"	4310	6	0	2
2562622	2022-03-12 02:29:00	232.1867327	1.375180888	5.722698042	"MC3"	2970	12	1	NA
2562780	2022-03-12 02:30:00	233.4898376	0.014340972	5.234363774	"MC6"	4310	10	1	2
2562978	2022-03-12 02:31:00	230.4650284	3.775060735	5.304833605	"MC5"	4380	6	0	3
2563134	2022-03-12 02:32:00	228.6643694	3.804229731	5.846782753	"MC2"	8520	12	0	3
2563166	2022-03-12 02:33:00	231.5387846	3.977910195	5.062315994	"MC6"	4370	6	0	NA
2563256	2022-03-12 02:34:00	231.1542613	1.534070617	5.243998003	"MC3"	4380	6	0	1
2563376	2022-03-12 02:35:00	231.6934188	3.13373339	5.667892988	"MC1"	5960	12	0	1
2563600	2022-03-12 02:36:00	230.7401051	2.687365868	5.631911486	"MC1"	4310	12	0	2
2563626	2022-03-12 02:37:00	231.4385819	2.185956408	5.510631254	"MC4"	4380	8	0	NA
2563658	2022-03-12 02:38:00	235.6212165	1.799401786	5.948726545	"MC3"	5960	8	1	2
2563706	2022-03-12 02:39:00	234.6479446	0.612369249	5.188069435	"MC1"	6160	15	1	NA
2563708	2022-03-12 02:40:00	235.4009676	1.680606609	5.341424083	"MC6"	2970	8	1	2
2563924	2022-03-12 02:41:00	232.0157854	0.45620898	5.879568758	"MC5"	4950	12	1	4
2564178	2022-03-12 02:42:00	232.2709982	0.320718327	5.034027565	"MC2"	3630	7	1	3
2564236	2022-03-12 02:43:00	234.7673839	3.618029627	5.589119158	"MC5"	2730	6	1	2
2564272	2022-03-12 02:44:00	236.5532729	3.572223414	5.026972042	"MC3"	3740	6	1	1
2564316	2022-03-12 02:45:00	234.4284359	2.750976964	5.976708774	"MC2"	8520	12	1	1
2564346	2022-03-12 02:46:00	231.635101	1.750279465	5.960395949	"MC1"	4310	12	0	NA
2564776	2022-03-12 02:47:00	232.7913441	0.223392355	5.608470568	"MC6"	4310	6	1	NA
2565186	2022-03-12 02:48:00	232.1152587	3.932799954	5.892146267	"MC5"	4310	12	1	3
2565214	2022-03-12 02:49:00	233.6705803	1.348484839	5.720961783	"MC1"	4950	12	1	3
2565308	2022-03-12 02:50:00	231.8804708	2.013898049	5.743632068	"MC6"	2970	12	0	NA
2565382	2022-03-12 02:51:00	232.2358734	2.421186672	5.454321298	"MC2"	8520	12	1	4
2565384	2022-03-12 02:52:00	233.2786796	0.478709627	5.043458268	"MC5"	4310	12	1	2
2565646	2022-03-12 02:53:00	235.2476139	2.758271201	5.385362912	"MC1"	4950	12	1	1
2565652	2022-03-12 02:54:00	235.3481272	2.668110609	5.764739128	"MC1"	2970	12	1	1
2565758	2022-03-12 02:55:00	230.9636394	1.736491929	5.28484733	"MC6"	3630	12	0	3
2565870	2022-03-12 02:56:00	232.2961244	3.646415075	5.063866566	"MC1"	4950	12	1	1
2565990	2022-03-12 02:57:00	232.411756	1.530380499	5.461476567	"MC6"	3750	6	1	NA
2566260	2022-03-12 02:58:00	230.5706404	2.411113257	5.909380687	"MC2"	4950	12	0	2
2566452	2022-03-12 02:59:00	228.460726	0.256895474	5.153416201	"MC2"	4950	12	0	2
2566538	2022-03-12 03:00:00	232.0804991	1.669895099	5.68192661	"MC3"	4950	6	1	1
2566580	2022-03-12 03:01:00	229.5965181	1.281465132	5.235119765	"MC5"	2970	6	0	2
2566636	2022-03-12 03:02:00	230.397324	0.75857304	5.835704627	"MC1"	4310	12	0	3
2566674	2022-03-12 03:03:00	228.6849839	1.770063592	5.750978074	"MC1"	2970	6	0	2
2566798	2022-03-12 03:04:00	229.6468596	3.169416055	5.615718639	"MC5"	5960	6	0	2
2566880	2022-03-12 03:05:00	235.5274629	1.428661869	5.349208814	"MC4"	4950	6	1	2
2566982	2022-03-12 03:06:00	232.9272355	2.754335062	5.430200037	"MC4"	4310	6	1	1
2567084	2022-03-12 03:07:00	231.9301763	0.733823444	5.104558238	"MC6"	4310	6	0	1
2567114	2022-03-12 03:08:00	234.0255508	0.501219218	5.153090997	"MC5"	4310	8	1	NA
2567116	2022-03-12 03:09:00	231.71583	2.792955165	5.370836031	"MC5"	3740	6	0	2
2567374	2022-03-12 03:10:00	235.636403	2.836606981	5.026347355	"MC2"	3630	12	1	4
2567606	2022-03-12 03:11:00	235.0485761	3.292241532	5.545571968	"MC2"	3630	6	1	1
2567700	2022-03-12 03:12:00	232.2639694	0.953510669	5.101348575	"MC1"	4950	12	1	3
2567774	2022-03-12 03:13:00	232.3219706	2.850473281	5.540020996	"MC6"	2970	6	1	2
2567978	2022-03-12 03:14:00	236.2898019	3.071860144	5.858456542	"MC5"	4310	6	1	1
2568034	2022-03-12 03:15:00	229.0938569	3.424562738	5.062181588	"MC3"	2970	8	0	NA
2568296	2022-03-12 03:16:00	231.1737018	1.499109814	5.37257619	"MC1"	4950	12	0	2
2568320	2022-03-12 03:17:00	232.3796964	0.587753815	5.242884424	"MC3"	2730	6	1	1
2568392	2022-03-12 03:18:00	232.3347914	2.566264738	5.262926111	"MC4"	4310	12	1	NA
2568412	2022-03-12 03:19:00	226.0814185	1.753635328	5.444068732	"MC5"	2970	12	0	4
2568462	2022-03-12 03:20:00	232.2270099	1.090400296	5.346312025	"MC1"	3750	6	1	3
2568870	2022-03-12 03:21:00	230.1019816	0.315667007	5.016937582	"MC5"	2970	10	0	1
2568878	2022-03-12 03:22:00	233.2533053	1.707608137	5.191117627	"MC1"	360	6	1	1
2568974	2022-03-12 03:23:00	232.6505902	2.858580955	5.555362358	"MC1"	4950	6	1	3
2569150	2022-03-12 03:24:00	233.1299192	0.740075679	5.818194783	"MC1"	5960	6	1	2
2569168	2022-03-12 03:25:00	230.4157566	2.688425725	5.576513656	"MC1"	3630	12	0	3
2569480	2022-03-12 03:26:00	228.4912667	3.226298894	5.088087571	"MC6"	3630	6	0	1
2569564	2022-03-12 03:27:00	231.5706451	0.806321984	5.302697447	"MC4"	4310	6	0	2
2569818	2022-03-12 03:28:00	234.4102875	3.103575643	5.938955613	"MC5"	4380	12	1	NA
2569958	2022-03-12 03:29:00	233.5538018	1.030939292	5.589032419	"MC4"	2730	6	1	NA
2570110	2022-03-12 03:30:00	228.0557485	3.301830978	5.982808525	"MC3"	4310	12	0	NA
2570118	2022-03-12 03:31:00	229.7269464	2.508539982	5.204132594	"MC3"	4380	6	0	3
2570136	2022-03-12 03:32:00	226.1024091	3.871711977	5.51426091	"MC1"	8520	6	0	1
2570144	2022-03-12 03:33:00	225.9667165	0.272961974	5.602002922	"MC6"	4380	6	0	3
2570146	2022-03-12 03:34:00	226.9927539	3.232300719	5.149069744	"MC6"	4310	12	0	1
2570150	2022-03-12 03:35:00	226.7266211	0.105977638	5.883897451	"MC4"	4380	6	0	2
2570208	2022-03-12 03:36:00	228.3612346	2.576363872	5.569675249	"MC2"	4310	8	0	1
2570238	2022-03-12 03:37:00	226.2982347	1.000752172	5.557529603	"MC4"	2970	6	0	2
2570252	2022-03-12 03:38:00	230.6561633	0.005137881	5.499665323	"MC2"	4310	6	0	1
2570288	2022-03-12 03:39:00	227.5595727	2.329609709	5.449713047	"MC1"	8520	12	0	2
2570356	2022-03-12 03:40:00	232.094479	0.621812067	5.029061837	"MC5"	4380	6	1	1
2570378	2022-03-12 03:41:00	229.14019	1.995014247	5.106877063	"MC2"	4950	12	0	2
2570618	2022-03-12 03:42:00	232.2014628	1.827495805	5.556227057	"MC1"	2970	12	1	2
2570672	2022-03-12 03:43:00	234.5528258	1.412238539	5.125158998	"MC3"	4310	6	1	1
2570746	2022-03-12 03:44:00	230.768727	1.305481581	5.274084102	"MC1"	4950	12	0	4
2570784	2022-03-12 03:45:00	235.2465004	2.11522769	5.997685807	"MC2"	4380	12	1	2
2570840	2022-03-12 03:46:00	229.7244021	0.617446061	5.699492447	"MC1"	4950	8	0	NA
2571384	2022-03-12 03:47:00	230.8973231	2.063752963	5.066201495	"MC1"	3640	7	0	2
2571392	2022-03-12 03:48:00	234.3708037	0.420081549	5.848244195	"MC5"	2970	10	1	NA
2571460	2022-03-12 03:49:00	231.8413197	1.984010804	5.944163912	"MC6"	4390	6	0	NA
2571464	2022-03-12 03:50:00	231.5646109	0.926863183	5.118252247	"MC4"	4380	6	0	NA
2571910	2022-03-12 03:51:00	234.246498	2.168757636	5.088270797	"MC1"	5960	12	1	3
2571950	2022-03-12 03:52:00	236.7139228	0.831966561	5.68776438	"MC5"	4310	12	1	NA
2572236	2022-03-12 03:53:00	231.0766675	1.055911949	5.516531428	"MC2"	4950	12	0	4
2572254	2022-03-12 03:54:00	232.0334463	0.447894221	5.217750044	"MC3"	4310	6	1	1
2572356	2022-03-12 03:55:00	231.2957738	1.615876285	5.433428389	"MC2"	4310	6	0	3
2572360	2022-03-12 03:56:00	231.5926487	2.78941942	5.689408975	"MC4"	5656	12	0	NA
2572460	2022-03-12 03:57:00	230.9605817	1.886414169	5.927164049	"MC2"	2970	12	0	1
2572612	2022-03-12 03:58:00	231.3795916	3.563332036	5.033748471	"MC6"	2970	12	0	NA
2572684	2022-03-12 03:59:00	232.9258989	2.290845077	5.09741265	"MC5"	4310	6	1	2
2572710	2022-03-12 04:00:00	232.1331171	1.535527417	5.536730939	"MC6"	4380	6	1	2
2572744	2022-03-12 04:01:00	233.3639519	0.029027021	5.228839874	"MC5"	4380	6	1	1
2572878	2022-03-12 04:02:00	233.0234569	1.397857154	5.15070428	"MC1"	4950	6	1	1
2572910	2022-03-12 04:03:00	230.3190812	2.581846515	5.117268327	"MC1"	3640	12	0	4
2573000	2022-03-12 04:04:00	229.0014386	3.921539349	5.825839321	"MC1"	4310	12	0	2
2573084	2022-03-12 04:05:00	233.0828381	2.965633107	5.27221042	"MC2"	4310	6	1	2
2573130	2022-03-12 04:06:00	232.2492731	2.361797359	5.679616135	"MC1"	4950	12	1	2
2573134	2022-03-12 04:07:00	229.4200933	2.387954449	5.820791074	"MC5"	4950	6	0	4
2573566	2022-03-12 04:08:00	230.3531652	1.358154491	5.387101741	"MC1"	4380	8	0	2
2573568	2022-03-12 04:09:00	234.3391609	0.58298355	5.22597906	"MC5"	4380	8	1	4
2573650	2022-03-12 04:10:00	235.1900289	2.230194928	5.174593757	"MC1"	8520	12	1	2
2573738	2022-03-12 04:11:00	226.3361155	0.972528936	5.694997085	"MC2"	8520	12	0	3
2573752	2022-03-12 04:12:00	229.7222218	0.024380389	5.56114461	"MC4"	4310	12	0	NA
2573906	2022-03-12 04:13:00	228.7593446	3.95642605	5.978613186	"MC2"	8520	12	0	2
2574016	2022-03-12 04:14:00	229.6886852	3.783999234	5.760757172	"MC4"	4310	6	0	2
2574046	2022-03-12 04:15:00	229.7347427	1.091417686	5.176272956	"MC4"	4380	6	0	2
2574378	2022-03-12 04:16:00	231.2569539	2.61982188	5.850887443	"MC6"	3110	12	0	NA
